epoch,dir_loss,dir_loss_h0,dir_loss_h1,dir_loss_h2,extended_h0,extended_h1,extended_h2,global_h0,global_h1,global_h2,inter_reg,local_h0,local_h1,local_h2,loss,nll_h0,nll_h1,nll_h2,nll_loss,point_h0,point_h1,point_h2,point_loss,reg_loss,train_dir_acc_h0,train_dir_acc_h1,train_dir_acc_h2,train_dir_bal_acc_h0,train_dir_bal_acc_h1,train_dir_bal_acc_h2,train_dir_brier_h0,train_dir_brier_h1,train_dir_brier_h2,train_dir_ece_h0,train_dir_ece_h1,train_dir_ece_h2,train_dir_f1_h0,train_dir_f1_h1,train_dir_f1_h2,train_dir_mcc_h0,train_dir_mcc_h1,train_dir_mcc_h2,train_dir_sensitivity_h0,train_dir_sensitivity_h1,train_dir_sensitivity_h2,train_dir_specificity_h0,train_dir_specificity_h1,train_dir_specificity_h2,train_gauss_dir_acc_h0,train_gauss_dir_acc_h1,train_gauss_dir_acc_h2,train_gauss_dir_bal_acc_h0,train_gauss_dir_bal_acc_h1,train_gauss_dir_bal_acc_h2,train_gauss_dir_brier_h0,train_gauss_dir_brier_h1,train_gauss_dir_brier_h2,train_gauss_dir_ece_h0,train_gauss_dir_ece_h1,train_gauss_dir_ece_h2,train_gauss_dir_f1_h0,train_gauss_dir_f1_h1,train_gauss_dir_f1_h2,train_gauss_dir_mcc_h0,train_gauss_dir_mcc_h1,train_gauss_dir_mcc_h2,train_gauss_dir_sensitivity_h0,train_gauss_dir_sensitivity_h1,train_gauss_dir_sensitivity_h2,train_gauss_dir_specificity_h0,train_gauss_dir_specificity_h1,train_gauss_dir_specificity_h2,train_gauss_mean_dir_prob_h0,train_gauss_mean_dir_prob_h1,train_gauss_mean_dir_prob_h2,train_gauss_pred_up_rate_h0,train_gauss_pred_up_rate_h1,train_gauss_pred_up_rate_h2,train_gauss_true_up_rate_h0,train_gauss_true_up_rate_h1,train_gauss_true_up_rate_h2,train_mean_dir_prob_h0,train_mean_dir_prob_h1,train_mean_dir_prob_h2,train_pred_up_rate_h0,train_pred_up_rate_h1,train_pred_up_rate_h2,train_true_up_rate_h0,train_true_up_rate_h1,train_true_up_rate_h2,trend_h0,trend_h1,trend_h2,trend_loss,val_dir_acc_h0,val_dir_acc_h1,val_dir_acc_h2,val_dir_bal_acc_h0,val_dir_bal_acc_h1,val_dir_bal_acc_h2,val_dir_brier_h0,val_dir_brier_h1,val_dir_brier_h2,val_dir_ece_h0,val_dir_ece_h1,val_dir_ece_h2,val_dir_f1_h0,val_dir_f1_h1,val_dir_f1_h2,val_dir_loss,val_dir_loss_h0,val_dir_loss_h1,val_dir_loss_h2,val_dir_mcc_h0,val_dir_mcc_h1,val_dir_mcc_h2,val_dir_sensitivity_h0,val_dir_sensitivity_h1,val_dir_sensitivity_h2,val_dir_specificity_h0,val_dir_specificity_h1,val_dir_specificity_h2,val_extended_h0,val_extended_h1,val_extended_h2,val_gauss_dir_acc_h0,val_gauss_dir_acc_h1,val_gauss_dir_acc_h2,val_gauss_dir_bal_acc_h0,val_gauss_dir_bal_acc_h1,val_gauss_dir_bal_acc_h2,val_gauss_dir_brier_h0,val_gauss_dir_brier_h1,val_gauss_dir_brier_h2,val_gauss_dir_ece_h0,val_gauss_dir_ece_h1,val_gauss_dir_ece_h2,val_gauss_dir_f1_h0,val_gauss_dir_f1_h1,val_gauss_dir_f1_h2,val_gauss_dir_mcc_h0,val_gauss_dir_mcc_h1,val_gauss_dir_mcc_h2,val_gauss_dir_sensitivity_h0,val_gauss_dir_sensitivity_h1,val_gauss_dir_sensitivity_h2,val_gauss_dir_specificity_h0,val_gauss_dir_specificity_h1,val_gauss_dir_specificity_h2,val_gauss_mean_dir_prob_h0,val_gauss_mean_dir_prob_h1,val_gauss_mean_dir_prob_h2,val_gauss_pred_up_rate_h0,val_gauss_pred_up_rate_h1,val_gauss_pred_up_rate_h2,val_gauss_true_up_rate_h0,val_gauss_true_up_rate_h1,val_gauss_true_up_rate_h2,val_global_h0,val_global_h1,val_global_h2,val_inter_reg,val_local_h0,val_local_h1,val_local_h2,val_loss,val_mean_dir_prob_h0,val_mean_dir_prob_h1,val_mean_dir_prob_h2,val_nll_h0,val_nll_h1,val_nll_h2,val_nll_loss,val_point_h0,val_point_h1,val_point_h2,val_point_loss,val_pred_up_rate_h0,val_pred_up_rate_h1,val_pred_up_rate_h2,val_reg_loss,val_trend_h0,val_trend_h1,val_trend_h2,val_trend_loss,val_true_up_rate_h0,val_true_up_rate_h1,val_true_up_rate_h2,val_vol_loss,vol_loss
0,0.7326314449310303,0.2638029456138611,0.2545841634273529,0.21424433588981628,0.419014573097229,0.7722305059432983,1.475111722946167,0.0,0.0,0.0,0.029887264594435692,0.0,0.0,0.0,4.54709529876709,1.1069782972335815,1.4127699136734009,2.0011351108551025,4.520883560180664,0.14029566943645477,0.4697266221046448,0.6523181796073914,1.2623405456542969,0.029887264594435692,0.4444444477558136,0.4545454680919647,0.4177215099334717,0.5,0.5161290168762207,0.5036962032318115,0.32407617568969727,0.3108353316783905,0.2986264228820801,0.13302381336688995,0.14171506464481354,0.020486891269683838,0.0,0.0625,0.178571417927742,0.0,0.11973687261343002,0.01196512021124363,0.0,0.032258063554763794,0.1041666641831398,1.0,1.0,0.9032257795333862,0.5,0.4909090995788574,0.39240506291389465,0.550000011920929,0.5436828136444092,0.5,0.3437463939189911,0.32832086086273193,0.339620441198349,0.3648166060447693,0.2006928026676178,0.08969475328922272,0.1818181872367859,0.2222222238779068,0.0,0.21693044900894165,0.15071514248847961,0.0,0.10000000149011612,0.12903225421905518,0.0,1.0,0.9583333134651184,1.0,0.2449803650379181,0.2920173704624176,0.3140071928501129,0.0555555559694767,0.09090909361839294,0.0,0.5555555820465088,0.5636363625526428,0.607594907283783,0.33034807443618774,0.3128303587436676,0.39723461866378784,0.0,0.0181818176060915,0.10126582533121109,0.5555555820465088,0.5636363625526428,0.607594907283783,0.419014573097229,0.7722305059432983,1.475111722946167,2.6663568019866943,0.4117647111415863,0.447761207818985,0.5037593841552734,0.5,0.5,0.4889039993286133,0.3298313319683075,0.3233318626880646,0.25146085023880005,0.2290181666612625,0.18001776933670044,0.10216392576694489,0.0,0.0,0.1538461446762085,0.7334761619567871,0.27443671226501465,0.26975488662719727,0.18928459286689758,0.0,0.0,-0.03613050654530525,0.0,0.0,0.09375,1.0,1.0,0.8840579986572266,0.2427528202533722,0.3784707188606262,0.7997562885284424,0.4117647111415863,0.49253731966018677,0.5112782120704651,0.5,0.5405405163764954,0.49275362491607666,0.3967549502849579,0.3094186782836914,0.27877360582351685,0.25583499670028687,0.23735466599464417,0.2039424479007721,0.0,0.15000000596046448,0.0,0.0,0.19495321810245514,-0.08382594585418701,0.0,0.0810810774564743,0.0,1.0,1.0,0.9855072498321533,0.22670482099056244,0.276130348443985,0.31550437211990356,0.0,0.04477611929178238,0.007518797181546688,0.5882353186607361,0.5522388219833374,0.48120301961898804,0.0,0.0,0.0,0.029884427785873413,0.0,0.0,0.0,3.143515110015869,0.27674898505210876,0.2798301577568054,0.4231955409049988,1.039939522743225,1.1963787078857422,1.2468055486679077,3.483123779296875,0.09658453613519669,0.2507825791835785,0.2827756404876709,0.6301427483558655,0.0,0.0,0.10526315867900848,0.029884427785873413,0.2427528202533722,0.3784707188606262,0.7997562885284424,1.4209798574447632,0.5882353186607361,0.5522388219833374,0.48120301961898804,0.12842267751693726,0.2259690761566162
1,0.5794309377670288,0.18093083798885345,0.21853107213974,0.17996902763843536,0.26882216334342957,0.7106227874755859,1.6283665895462036,0.0,0.0,0.0,0.02987786941230297,0.0,0.0,0.0,4.345679759979248,1.0391963720321655,1.360784888267517,2.080348014831543,4.480329513549805,0.08457233756780624,0.42266014218330383,0.7203840017318726,1.227616548538208,0.02987786941230297,0.5714285969734192,0.35483869910240173,0.5,0.5714285969734192,0.44298243522644043,0.5114982724189758,0.23787696659564972,0.29640111327171326,0.25074994564056396,0.22878038883209229,0.11740394681692123,0.12253797799348831,0.25,0.09090908616781235,0.44117647409439087,0.2773500978946686,-0.18787382543087006,0.023950139060616493,0.1428571492433548,0.05263157933950424,0.3658536672592163,1.0,0.8333333134651184,0.6571428775787354,0.5714285969734192,0.3709677457809448,0.44736841320991516,0.5714285969734192,0.4714912474155426,0.48571428656578064,0.2638172209262848,0.3584352135658264,0.29831504821777344,0.47343775629997253,0.09969662129878998,0.16489259898662567,0.25,0.04878048971295357,0.0,0.2773500978946686,-0.12942533195018768,-0.12497618794441223,0.1428571492433548,0.02631578966975212,0.0,1.0,0.9166666865348816,0.9714285731315613,0.23792369663715363,0.3086225390434265,0.32602229714393616,0.0714285746216774,0.04838709533214569,0.01315789483487606,0.5,0.6129032373428345,0.5394737124443054,0.42176586389541626,0.39091944694519043,0.47383588552474976,0.0714285746216774,0.09677419066429138,0.3552631437778473,0.5,0.6129032373428345,0.5394737124443054,0.26882216334342957,0.7106227874755859,1.6283665895462036,2.607811450958252,0.47058823704719543,0.447761207818985,0.5338345766067505,0.550000011920929,0.5,0.5388360619544983,0.266897976398468,0.28026261925697327,0.24968920648097992,0.21292495727539062,0.0783466026186943,0.06860511004924774,0.1818181872367859,0.0,0.5810811519622803,0.5928391218185425,0.2010134756565094,0.2158498615026474,0.17597578465938568,0.20916499197483063,0.0,0.08045294135808945,0.10000000149011612,0.0,0.671875,1.0,1.0,0.4057970941066742,0.19558003544807434,0.28954488039016724,0.7925335168838501,0.4117647111415863,0.46268656849861145,0.5112782120704651,0.5,0.5135135054588318,0.49275362491607666,0.4136469066143036,0.30014389753341675,0.2801012098789215,0.21320697665214539,0.18447034060955048,0.19933368265628815,0.0,0.05263157933950424,0.0,0.0,0.11083777248859406,-0.08382594585418701,0.0,0.027027027681469917,0.0,1.0,1.0,0.9855072498321533,0.20358514785766602,0.302250474691391,0.31965649127960205,0.0,0.014925372786819935,0.007518797181546688,0.5882353186607361,0.5522388219833374,0.48120301961898804,0.0,0.0,0.0,0.029875850304961205,0.0,0.0,0.0,2.8819990158081055,0.4042319655418396,0.3694145977497101,0.5125396251678467,1.0369699001312256,1.1439216136932373,1.2316046953201294,3.4124960899353027,0.07067730277776718,0.20044776797294617,0.2896314859390259,0.5607565641403198,0.05882352963089943,0.0,0.6315789222717285,0.029875850304961205,0.19558003544807434,0.28954488039016724,0.7925335168838501,1.277658462524414,0.5882353186607361,0.5522388219833374,0.48120301961898804,0.27811017632484436,0.48214396834373474
2,0.5531050562858582,0.18191201984882355,0.1886066347360611,0.18258638679981232,0.15474887192249298,0.8913880586624146,2.462686538696289,0.0,0.0,0.0,0.029869746416807175,0.0,0.0,0.0,4.324629783630371,1.023867130279541,1.2798879146575928,1.8535948991775513,4.157350063323975,0.07258754968643188,0.3616096079349518,0.6492325067520142,1.0834296941757202,0.029869746416807175,0.5,0.4642857015132904,0.4430379867553711,0.5,0.44871795177459717,0.44155845046043396,0.25288426876068115,0.25714483857154846,0.25694739818573,0.08387216180562973,0.10245485603809357,0.12186156958341599,0.4285714328289032,0.2857142984867096,0.4054054021835327,0.0,-0.11322770267724991,-0.11613145470619202,0.375,0.23076923191547394,0.4285714328289032,0.625,0.6666666865348816,0.4545454680919647,0.5,0.5357142686843872,0.5443037748336792,0.5,0.5025640726089478,0.4886363744735718,0.27632346749305725,0.26308271288871765,0.2565161883831024,0.3258526027202606,0.20568396151065826,0.2227725237607956,0.0,0.0714285671710968,0.0,0.0,0.013781636953353882,-0.1009858176112175,0.0,0.03846153989434242,0.0,1.0,0.9666666388511658,0.9772727489471436,0.30169376730918884,0.33278363943099976,0.3374570906162262,0.0,0.0357142873108387,0.012658228166401386,0.5,0.4642857015132904,0.4430379867553711,0.47989481687545776,0.45454296469688416,0.508881151676178,0.375,0.2857142984867096,0.49367088079452515,0.5,0.4642857015132904,0.4430379867553711,0.15474887192249298,0.8913880586624146,2.462686538696289,3.5088233947753906,0.529411792755127,0.49253731966018677,0.4887218177318573,0.5785714387893677,0.5342342257499695,0.5004528760910034,0.2555917203426361,0.2548620402812958,0.2563208341598511,0.10335169732570648,0.051519133150577545,0.09618740528821945,0.4285714626312256,0.22727271914482117,0.604651153087616,0.5432554483413696,0.18278729915618896,0.18473471701145172,0.17573344707489014,0.18232321739196777,0.1113082692027092,0.001158413477241993,0.30000001192092896,0.13513512909412384,0.8125,0.8571428656578064,0.9333333373069763,0.18840579688549042,0.1286236047744751,0.2728583514690399,0.7795010805130005,0.4117647111415863,0.447761207818985,0.518796980381012,0.5,0.5,0.5,0.37365278601646423,0.2982916235923767,0.28289473056793213,0.2094145566225052,0.13149498403072357,0.19552382826805115,0.0,0.0,0.0,0.0,0.0,0.0,0.0,0.0,0.0,1.0,1.0,1.0,0.24243466556072235,0.3162662386894226,0.3232731521129608,0.0,0.0,0.0,0.5882353186607361,0.5522388219833374,0.48120301961898804,0.0,0.0,0.0,0.029867786914110184,0.0,0.0,0.0,2.774291515350342,0.4677858054637909,0.45578503608703613,0.5474287271499634,0.9943169951438904,1.1378099918365479,1.2322355508804321,3.3643627166748047,0.05078992247581482,0.19376391172409058,0.299746572971344,0.5443004369735718,0.23529411852359772,0.10447761416435242,0.8120300769805908,0.029867786914110184,0.1286236047744751,0.2728583514690399,0.7795010805130005,1.180983066558838,0.5882353186607361,0.5522388219833374,0.48120301961898804,0.34018674492836,0.4928014874458313
3,0.5349706411361694,0.17235387861728668,0.1878020167350769,0.17481479048728943,0.21162855625152588,0.5720513463020325,1.3084123134613037,0.0,0.0,0.0,0.02986188232898712,0.0,0.0,0.0,3.7136635780334473,1.011960744857788,1.3153069019317627,1.7603665590286255,4.087634086608887,0.074508897960186,0.31546735763549805,0.5499237179756165,0.9398999810218811,0.02986188232898712,0.692307710647583,0.4375,0.446153849363327,0.6904761791229248,0.43913042545318604,0.43095239996910095,0.24506433308124542,0.2629937529563904,0.25584617257118225,0.18828772008419037,0.11816564202308655,0.1478256732225418,0.714285671710968,0.42553192377090454,0.550000011920929,0.380952388048172,-0.1220579594373703,-0.14915990829467773,0.7142857313156128,0.4000000059604645,0.6285714507102966,0.6666666865348816,0.47826087474823,0.23333333432674408,0.4615384638309479,0.4791666567325592,0.4769230782985687,0.5,0.5,0.5142857432365417,0.3445049524307251,0.2797752618789673,0.2944859564304352,0.25538745522499084,0.19706536829471588,0.14111638069152832,0.0,0.0,0.0555555522441864,0.0,0.0,0.1157275140285492,0.0,0.0,0.02857142873108387,1.0,1.0,1.0,0.2693578004837036,0.32355284690856934,0.3358067572116852,0.0,0.0,0.015384615398943424,0.5384615659713745,0.5208333134651184,0.5384615659713745,0.5040199756622314,0.4768592119216919,0.5451939105987549,0.5384615659713745,0.4583333432674408,0.692307710647583,0.5384615659713745,0.5208333134651184,0.5384615659713745,0.21162855625152588,0.5720513463020325,1.3084123134613037,2.092092275619507,0.529411792755127,0.5671641826629639,0.451127827167511,0.5571428537368774,0.5608108043670654,0.46535325050354004,0.25509947538375854,0.2484801560640335,0.26454734802246094,0.058628249913454056,0.0795682817697525,0.13121554255485535,0.5,0.6133332848548889,0.5966851115226746,0.5308418273925781,0.1791733354330063,0.17506396770477295,0.1766044795513153,0.11769798398017883,0.12206228077411652,-0.10642752796411514,0.4000000059604645,0.6216216087341309,0.84375,0.7142857313156128,0.5,0.08695652335882187,0.09943455457687378,0.2675285041332245,0.7561251521110535,0.4117647111415863,0.447761207818985,0.518796980381012,0.5,0.5,0.5,0.35426726937294006,0.30241525173187256,0.279928982257843,0.1925993263721466,0.1648903787136078,0.18339307606220245,0.0,0.0,0.0,0.0,0.0,0.0,0.0,0.0,0.0,1.0,1.0,1.0,0.2572144567966461,0.3097533583641052,0.3354038894176483,0.0,0.0,0.0,0.5882353186607361,0.5522388219833374,0.48120301961898804,0.0,0.0,0.0,0.02985995262861252,0.0,0.0,0.0,2.7205822467803955,0.4862188398838043,0.4983307421207428,0.5823433995246887,0.9574065804481506,1.121049165725708,1.244768738746643,3.3232245445251465,0.042228203266859055,0.18712478876113892,0.3054046630859375,0.534757673740387,0.3529411852359772,0.5671641826629639,0.8796992301940918,0.02985995262861252,0.09943455457687378,0.2675285041332245,0.7561251521110535,1.1230882406234741,0.5882353186607361,0.5522388219833374,0.48120301961898804,0.3678291440010071,0.6891118288040161
4,0.5130337476730347,0.1797075867652893,0.17293348908424377,0.1603926420211792,0.11450798064470291,0.3636370897293091,0.9915414452552795,0.0,0.0,0.0,0.02985433116555214,0.0,0.0,0.0,3.211613178253174,0.9755150675773621,1.2423794269561768,1.4119627475738525,3.629857301712036,0.06410860270261765,0.327860563993454,0.43237733840942383,0.8243465423583984,0.02985433116555214,0.4117647111415863,0.6612903475761414,0.5882353186607361,0.4097222089767456,0.6630094051361084,0.5260831117630005,0.2525239884853363,0.24178670346736908,0.23661333322525024,0.0856599509716034,0.1612720936536789,0.08966773748397827,0.375,0.6666666865348816,0.7254902124404907,-0.1805555522441864,0.3255089819431305,0.09884744137525558,0.375,0.6363636255264282,0.9487179517745972,0.4444444477558136,0.6896551847457886,0.1034482792019844,0.529411792755127,0.4516128897666931,0.3970588147640228,0.5,0.48275861144065857,0.4655172526836395,0.2717370092868805,0.29651281237602234,0.30004236102104187,0.28417497873306274,0.17511126399040222,0.11175120621919632,0.0,0.0,0.0,0.0,-0.13658186793327332,-0.2018721103668213,0.0,0.0,0.0,1.0,0.9655172228813171,0.931034505367279,0.2970513701438904,0.3168587386608124,0.34573179483413696,0.0,0.016129031777381897,0.029411764815449715,0.47058823704719543,0.5322580933570862,0.5735294222831726,0.4974246919155121,0.5000182390213013,0.5853518843650818,0.47058823704719543,0.4838709533214569,0.9264705777168274,0.47058823704719543,0.5322580933570862,0.5735294222831726,0.11450798064470291,0.3636370897293091,0.9915414452552795,1.469686508178711,0.47058823704719543,0.5522388219833374,0.49624061584472656,0.44285714626312256,0.540990948677063,0.5133605003356934,0.25070247054100037,0.2476940155029297,0.27442818880081177,0.06336124986410141,0.05310770124197006,0.14134611189365387,0.5714285373687744,0.6153845191001892,0.6492146849632263,0.5256344676017761,0.1741187572479248,0.1729772835969925,0.17853842675685883,-0.11769798398017883,0.08365681767463684,0.06432651728391647,0.6000000238418579,0.6486486196517944,0.96875,0.2857142984867096,0.4333333373069763,0.05797101557254791,0.09639432281255722,0.26546913385391235,0.7389541268348694,0.4117647111415863,0.447761207818985,0.518796980381012,0.5,0.5,0.5,0.3695204555988312,0.3096829950809479,0.27659377455711365,0.21175120770931244,0.1763005405664444,0.1782377064228058,0.0,0.0,0.0,0.0,0.0,0.0,0.0,0.0,0.0,1.0,1.0,1.0,0.23727169632911682,0.29733264446258545,0.3405592739582062,0.0,0.0,0.0,0.5882353186607361,0.5522388219833374,0.48120301961898804,0.0,0.0,0.0,0.029852472245693207,0.0,0.0,0.0,2.679285764694214,0.5043420195579529,0.510636031627655,0.620032548904419,0.9236031770706177,1.095949649810791,1.2563986778259277,3.275951385498047,0.0379166305065155,0.18329375982284546,0.30248531699180603,0.523695707321167,0.6470588445663452,0.611940324306488,0.9548872113227844,0.029852472245693207,0.09639432281255722,0.26546913385391235,0.7389541268348694,1.1008175611495972,0.5882353186607361,0.5522388219833374,0.48120301961898804,0.3811350464820862,0.5463447570800781
5,0.5041069984436035,0.1598256528377533,0.18030427396297455,0.16397711634635925,0.1131020188331604,0.4464535713195801,2.0204553604125977,0.0,0.0,0.0,0.02984694205224514,0.0,0.0,0.0,3.7678256034851074,0.9356749057769775,1.1425038576126099,1.9081088304519653,3.9862875938415527,0.06098064407706261,0.2520780861377716,0.6026456952095032,0.9157044291496277,0.02984694205224514,0.7222222089767456,0.45652174949645996,0.5571428537368774,0.6688311696052551,0.4940476417541504,0.5180920958518982,0.2309638410806656,0.2556664049625397,0.24630148708820343,0.18872743844985962,0.14858534932136536,0.12139226496219635,0.8000000715255737,0.4897959232330322,0.7047619223594666,0.39594417810440063,-0.012393943965435028,0.08899956196546555,0.9090909361839294,0.6666666865348816,0.9736841917037964,0.4285714328289032,0.3214285671710968,0.0625,0.3888888955116272,0.6086956262588501,0.44285714626312256,0.5,0.5,0.484375,0.4050302803516388,0.2470576912164688,0.28852349519729614,0.16666433215141296,0.34308624267578125,0.10867203027009964,0.0,0.0,0.0,0.0,0.0,-0.13118743896484375,0.0,0.0,0.0,1.0,1.0,0.96875,0.22222454845905304,0.3154825270175934,0.34877657890319824,0.0,0.0,0.014285714365541935,0.6111111044883728,0.3913043439388275,0.5428571701049805,0.5334948301315308,0.5245871543884277,0.6138578057289124,0.7777777910232544,0.6739130616188049,0.9571428298950195,0.6111111044883728,0.3913043439388275,0.5428571701049805,0.1131020188331604,0.4464535713195801,2.0204553604125977,2.5800108909606934,0.47058823704719543,0.49253731966018677,0.48120301961898804,0.4214285612106323,0.4680180251598358,0.49943387508392334,0.2456558793783188,0.2471463829278946,0.28614285588264465,0.05608176067471504,0.03391478210687637,0.17521589994430542,0.6086956858634949,0.6046510934829712,0.6461538672447205,0.5223087072372437,0.16871707141399384,0.17135491967201233,0.18223674595355988,-0.18232321739196777,-0.07175672054290771,-0.0046484144404530525,0.699999988079071,0.7027027010917664,0.984375,0.1428571492433548,0.23333333432674408,0.014492753893136978,0.11833394318819046,0.2664806544780731,0.7373435497283936,0.4117647111415863,0.447761207818985,0.518796980381012,0.5,0.5,0.5,0.39235037565231323,0.3185443580150604,0.27647799253463745,0.19804656505584717,0.17922553420066833,0.18928533792495728,0.0,0.0,0.0,0.0,0.0,0.0,0.0,0.0,0.0,1.0,1.0,1.0,0.21371816098690033,0.2819021940231323,0.33238735795021057,0.0,0.0,0.0,0.5882353186607361,0.5522388219833374,0.48120301961898804,0.0,0.0,0.0,0.029845140874385834,0.0,0.0,0.0,2.658358097076416,0.526669979095459,0.5208855271339417,0.6551434397697449,0.8924037218093872,1.070062279701233,1.2651985883712769,3.2276644706726074,0.043077390640974045,0.18102864921092987,0.29282891750335693,0.5169349908828735,0.7647058963775635,0.7313432693481445,0.9849624037742615,0.029845140874385834,0.11833394318819046,0.2664806544780731,0.7373435497283936,1.122158169746399,0.5882353186607361,0.5522388219833374,0.48120301961898804,0.3938835859298706,0.4563385546207428
6,0.5095990896224976,0.17610280215740204,0.17503990232944489,0.15845640003681183,0.15505750477313995,0.39493057131767273,1.6545246839523315,0.0,0.0,0.0,0.02983975224196911,0.0,0.0,0.0,4.112899303436279,0.8951311707496643,1.2426700592041016,2.3811256885528564,4.518926620483398,0.060385603457689285,0.32893088459968567,0.7720498442649841,1.16136634349823,0.02983975224196911,0.5882353186607361,0.5199999809265137,0.5909090638160706,0.6439393758773804,0.494363933801651,0.5178571343421936,0.2442275732755661,0.25512808561325073,0.24017538130283356,0.22995197772979736,0.024924155324697495,0.0743054747581482,0.5882353186607361,0.6470588445663452,0.737864077091217,0.2878788113594055,-0.014623086899518967,0.1444960981607437,0.8333333134651184,0.8148148059844971,1.0,0.4545454680919647,0.17391304671764374,0.0357142873108387,0.6470588445663452,0.46000000834465027,0.42424243688583374,0.5,0.5,0.5,0.2579978406429291,0.309545636177063,0.28461575508117676,0.38939881324768066,0.19528105854988098,0.19193947315216064,0.0,0.0,0.0,0.0,0.0,0.0,0.0,0.0,0.0,1.0,1.0,1.0,0.25766003131866455,0.28129634261131287,0.36065927147865295,0.0,0.0,0.0,0.3529411852359772,0.5400000214576721,0.5757575631141663,0.5204802751541138,0.5319679975509644,0.6435209512710571,0.6470588445663452,0.8199999928474426,0.9848484992980957,0.3529411852359772,0.5400000214576721,0.5757575631141663,0.15505750477313995,0.39493057131767273,1.6545246839523315,2.20451283454895,0.6470588445663452,0.5373134613037109,0.48120301961898804,0.5714285969734192,0.5022522211074829,0.49943387508392334,0.24213813245296478,0.24744874238967896,0.29740116000175476,0.09672323614358902,0.030711498111486435,0.2036857306957245,0.7692307829856873,0.6666666865348816,0.6461538672447205,0.5212241411209106,0.1643366813659668,0.17024390399456024,0.18664352595806122,0.29880714416503906,0.006046696100383997,-0.0046484144404530525,1.0,0.837837815284729,0.984375,0.1428571492433548,0.1666666716337204,0.014492753893136978,0.13893939554691315,0.257908433675766,0.7412118911743164,0.4117647111415863,0.447761207818985,0.518796980381012,0.5,0.5,0.5,0.406631201505661,0.317126601934433,0.2755444645881653,0.22242531180381775,0.15974773466587067,0.1877443641424179,0.0,0.0,0.0,0.0,0.0,0.0,0.0,0.0,0.0,1.0,1.0,1.0,0.19948673248291016,0.2880134582519531,0.33105263113975525,0.0,0.0,0.0,0.5882353186607361,0.5522388219833374,0.48120301961898804,0.0,0.0,0.0,0.029837988317012787,0.0,0.0,0.0,2.6581828594207764,0.5503355860710144,0.5312085151672363,0.6839303374290466,0.8611765503883362,1.0572823286056519,1.2839711904525757,3.202430248260498,0.04948287829756737,0.18351417779922485,0.2874287962913513,0.5204258561134338,0.9411764740943909,0.8358209133148193,0.9849624037742615,0.029837988317012787,0.13893939554691315,0.257908433675766,0.7412118911743164,1.1380597352981567,0.5882353186607361,0.5522388219833374,0.48120301961898804,0.40104952454566956,0.625396728515625
7,0.5302895903587341,0.18123941123485565,0.1740891933441162,0.17496098577976227,0.14784157276153564,0.630397379398346,2.4646072387695312,0.0,0.0,0.0,0.029832497239112854,0.0,0.0,0.0,3.785804033279419,0.8758237957954407,1.1935875415802002,1.4843909740447998,3.553802251815796,0.06314472109079361,0.319343626499176,0.4938909709453583,0.8763793110847473,0.029832497239112854,0.3684210479259491,0.5178571343421936,0.5256410241127014,0.3888888955116272,0.5293742418289185,0.5,0.26583150029182434,0.25119492411613464,0.2651987671852112,0.17187736928462982,0.06471015512943268,0.1337917000055313,0.5384615063667297,0.6301369667053223,0.6890756487846375,-0.3615507483482361,0.07664750516414642,0.0,0.7777777910232544,0.8518518805503845,1.0,0.0,0.2068965584039688,0.0,0.5263158082962036,0.5178571343421936,0.4743589758872986,0.5,0.5,0.5,0.30564963817596436,0.27850058674812317,0.29343968629837036,0.30491501092910767,0.21325451135635376,0.13954304158687592,0.0,0.0,0.0,0.0,0.0,0.0,0.0,0.0,0.0,1.0,1.0,1.0,0.22140078246593475,0.30460262298583984,0.3348159193992615,0.0,0.0,0.0,0.4736842215061188,0.4821428656578064,0.5256410241127014,0.5402984619140625,0.5321793556213379,0.6594327092170715,0.8947368264198303,0.8214285969734192,1.0,0.4736842215061188,0.4821428656578064,0.5256410241127014,0.14784157276153564,0.630397379398346,2.4646072387695312,3.2428462505340576,0.6470588445663452,0.49253731966018677,0.48120301961898804,0.5714285969734192,0.45540541410446167,0.49943387508392334,0.24329224228858948,0.24778635799884796,0.30484262108802795,0.09677621722221375,0.04508563131093979,0.22060053050518036,0.7692307829856873,0.6382979154586792,0.6461538672447205,0.5244326591491699,0.16484886407852173,0.16965875029563904,0.18992502987384796,0.29880714416503906,-0.12446185946464539,-0.0046484144404530525,1.0,0.8108108043670654,0.984375,0.1428571492433548,0.10000000149011612,0.014492753893136978,0.10366453230381012,0.24790483713150024,0.7393062710762024,0.4117647111415863,0.447761207818985,0.518796980381012,0.5,0.5,0.5,0.38749194145202637,0.3095302879810333,0.2728842496871948,0.18625760078430176,0.14011871814727783,0.18027493357658386,0.0,0.0,0.0,0.0,0.0,0.0,0.0,0.0,0.0,1.0,1.0,1.0,0.22550709545612335,0.30764245986938477,0.3385220468044281,0.0,0.0,0.0,0.5882353186607361,0.5522388219833374,0.48120301961898804,0.0,0.0,0.0,0.02983062155544758,0.0,0.0,0.0,2.6322739124298096,0.5502826571464539,0.5376229286193848,0.7009607553482056,0.8112928867340088,1.0567896366119385,1.308972954750061,3.1770553588867188,0.03976943716406822,0.1898990124464035,0.2867881655693054,0.5164566040039062,0.9411764740943909,0.8507462739944458,0.9849624037742615,0.02983062155544758,0.10366453230381012,0.24790483713150024,0.7393062710762024,1.0908756256103516,0.5882353186607361,0.5522388219833374,0.48120301961898804,0.39933615922927856,0.5821492671966553
8,0.5229505300521851,0.1694609522819519,0.17510215938091278,0.17838738858699799,0.10051020979881287,0.4291749596595764,1.3465569019317627,0.0,0.0,0.0,0.02982507087290287,0.0,0.0,0.0,3.5724825859069824,0.81303870677948,1.287945032119751,1.7224888801574707,3.823472499847412,0.04851248487830162,0.31838861107826233,0.6093887090682983,0.9762898087501526,0.02982507087290287,0.4615384638309479,0.5471698045730591,0.5205479264259338,0.4027777910232544,0.5607143044471741,0.5,0.24961604177951813,0.2509829103946686,0.2781111001968384,0.1643681675195694,0.0686732828617096,0.14656656980514526,0.5882353186607361,0.6250000596046448,0.684684693813324,-0.1844661980867386,0.13749077916145325,0.0,0.5555555820465088,0.800000011920929,1.0,0.25,0.3214285671710968,0.0,0.3076923191547394,0.5283018946647644,0.4794520437717438,0.5,0.5,0.5,0.3991485834121704,0.27550390362739563,0.2737930119037628,0.05917084962129593,0.26820051670074463,0.17990589141845703,0.0,0.0,0.0,0.0,0.0,0.0,0.0,0.0,0.0,1.0,1.0,1.0,0.2609865367412567,0.2911510467529297,0.33848869800567627,0.0,0.0,0.0,0.692307710647583,0.4716981053352356,0.5205479264259338,0.5125225782394409,0.5269123911857605,0.6671144962310791,0.6153846383094788,0.7358490824699402,1.0,0.692307710647583,0.4716981053352356,0.5205479264259338,0.10051020979881287,0.4291749596595764,1.3465569019317627,1.8762420415878296,0.5882353186607361,0.5074626803398132,0.48120301961898804,0.5214285850524902,0.46891891956329346,0.49943387508392334,0.24369977414608002,0.2482624053955078,0.31058743596076965,0.048052914440631866,0.030058657750487328,0.24465395510196686,0.7200000286102295,0.6526315212249756,0.6461538672447205,0.5286192893981934,0.16606396436691284,0.16989506781101227,0.19266027212142944,0.06546536087989807,-0.09064676612615585,-0.0046484144404530525,0.8999999761581421,0.837837815284729,0.984375,0.1428571492433548,0.10000000149011612,0.014492753893136978,0.08554690331220627,0.24504055082798004,0.7324913144111633,0.4117647111415863,0.447761207818985,0.518796980381012,0.5,0.5,0.5,0.37084853649139404,0.3094325065612793,0.27072256803512573,0.1915988326072693,0.1381540596485138,0.17326892912387848,0.0,0.0,0.0,0.0,0.0,0.0,0.0,0.0,0.0,1.0,1.0,1.0,0.2506970167160034,0.3096071481704712,0.3455280363559723,0.0,0.0,0.0,0.5882353186607361,0.5522388219833374,0.48120301961898804,0.0,0.0,0.0,0.029823247343301773,0.0,0.0,0.0,2.6100659370422363,0.5401824712753296,0.5375213027000427,0.7138038277626038,0.76646888256073,1.049776315689087,1.3242000341415405,3.1404452323913574,0.03711025044322014,0.191365584731102,0.2879523038864136,0.5164281129837036,0.8823529481887817,0.8656716346740723,0.9849624037742615,0.029823247343301773,0.08554690331220627,0.24504055082798004,0.7324913144111633,1.063078761100769,0.5882353186607361,0.5522388219833374,0.48120301961898804,0.3966410160064697,0.7850136756896973
9,0.48893341422080994,0.15750505030155182,0.16584421694278717,0.16558414697647095,0.14911046624183655,0.31809714436531067,1.0299630165100098,0.0,0.0,0.0,0.029817873612046242,0.0,0.0,0.0,3.6060845851898193,0.7562829256057739,1.2135646343231201,1.9264428615570068,3.8962903022766113,0.048796240240335464,0.34082621335983276,0.736886739730835,1.126509189605713,0.029817873612046242,0.5384615659713745,0.6111111044883728,0.5733333230018616,0.5,0.5791666507720947,0.5,0.22529245913028717,0.2396678328514099,0.24840418994426727,0.1911209523677826,0.07681263983249664,0.1208869218826294,0.7000000476837158,0.7123287916183472,0.7288135886192322,0.0,0.19534757733345032,0.0,1.0,0.8666666746139526,1.0,0.0,0.2916666567325592,0.0,0.4615384638309479,0.4444444477558136,0.4266666769981384,0.5,0.5,0.5,0.42119550704956055,0.3120346665382385,0.30429452657699585,0.2996968626976013,0.21231624484062195,0.14773979783058167,0.0,0.0,0.0,0.0,0.0,0.0,0.0,0.0,0.0,1.0,1.0,1.0,0.17543713748455048,0.29548314213752747,0.34204337000846863,0.0,0.0,0.0,0.5384615659713745,0.5555555820465088,0.5733333230018616,0.5546761155128479,0.5342984795570374,0.6889529824256897,1.0,0.7962962985038757,1.0,0.5384615659713745,0.5555555820465088,0.5733333230018616,0.14911046624183655,0.31809714436531067,1.0299630165100098,1.4971706867218018,0.6470588445663452,0.5223880410194397,0.48120301961898804,0.5714285969734192,0.4887387454509735,0.49943387508392334,0.24168278276920319,0.24925003945827484,0.3187848925590515,0.11818863451480865,0.012482873164117336,0.2517443895339966,0.7692307829856873,0.6521739363670349,0.6461538672447205,0.5314880013465881,0.16363942623138428,0.17095571756362915,0.1968928575515747,0.29880714416503906,-0.029208319261670113,-0.0046484144404530525,1.0,0.8108108043670654,0.984375,0.1428571492433548,0.1666666716337204,0.014492753893136978,0.09866426885128021,0.24238447844982147,0.7236558198928833,0.4117647111415863,0.46268656849861145,0.518796980381012,0.5,0.5135135054588318,0.5,0.39551496505737305,0.31004416942596436,0.26787087321281433,0.21761488914489746,0.15180063247680664,0.16389772295951843,0.0,0.05263157933950424,0.0,0.0,0.11083777248859406,0.0,0.0,0.027027027681469917,0.0,1.0,1.0,1.0,0.2168864607810974,0.3108859360218048,0.3548992872238159,0.0,0.014925372786819935,0.0,0.5882353186607361,0.5522388219833374,0.48120301961898804,0.0,0.0,0.0,0.02981608547270298,0.0,0.0,0.0,2.6014904975891113,0.5542036890983582,0.5326086282730103,0.7312740683555603,0.7132280468940735,1.0432037115097046,1.3404901027679443,3.096921920776367,0.038578860461711884,0.19314774870872498,0.2893352210521698,0.5210618376731873,0.9411764740943909,0.8208954930305481,0.9849624037742615,0.02981608547270298,0.09866426885128021,0.24238447844982147,0.7236558198928833,1.0647045373916626,0.5882353186607361,0.5522388219833374,0.48120301961898804,0.3865368962287903,0.642728328704834
10,0.520628809928894,0.1742650419473648,0.16931629180908203,0.1770475059747696,0.15230712294578552,0.3799895942211151,0.9316530227661133,0.0,0.0,0.0,0.02981073036789894,0.0,0.0,0.0,3.1913938522338867,0.7120159268379211,1.1016050577163696,1.6642649173736572,3.4778859615325928,0.055840786546468735,0.23952580988407135,0.5596930980682373,0.8550596833229065,0.02981073036789894,0.529411792755127,0.5714285969734192,0.5333333611488342,0.44999998807907104,0.5818182229995728,0.5,0.2608815133571625,0.2416410893201828,0.2737289369106293,0.19343727827072144,0.07319200038909912,0.17527519166469574,0.6923076510429382,0.64000004529953,0.6956522464752197,-0.20916499197483063,0.18090681731700897,0.0,0.8999999761581421,0.800000011920929,1.0,0.0,0.3636363744735718,0.0,0.4117647111415863,0.523809552192688,0.46666666865348816,0.5,0.5,0.5,0.38340258598327637,0.2688862383365631,0.2646195888519287,0.25130972266197205,0.3047564923763275,0.2189665138721466,0.0,0.0,0.0,0.0,0.0,0.0,0.0,0.0,0.0,1.0,1.0,1.0,0.19785445928573608,0.2736966609954834,0.35393384099006653,0.0,0.0,0.0,0.5882353186607361,0.4761904776096344,0.5333333611488342,0.5444185137748718,0.5357534289360046,0.7086085677146912,0.9411764740943909,0.7142857313156128,1.0,0.5882353186607361,0.4761904776096344,0.5333333611488342,0.15230712294578552,0.3799895942211151,0.9316530227661133,1.4639496803283691,0.6470588445663452,0.5074626803398132,0.48120301961898804,0.5714285969734192,0.4815315306186676,0.49943387508392334,0.24067777395248413,0.2497958242893219,0.32277175784111023,0.11904216557741165,0.0185103639960289,0.2600405812263489,0.7692307829856873,0.6206896305084229,0.6461538672447205,0.5342973470687866,0.16310681402683258,0.17201465368270874,0.1991758644580841,0.29880714416503906,-0.04220976307988167,-0.0046484144404530525,1.0,0.7297297120094299,0.984375,0.1428571492433548,0.23333333432674408,0.014492753893136978,0.09393496066331863,0.24160003662109375,0.7103040218353271,0.4117647111415863,0.46268656849861145,0.518796980381012,0.5,0.5135135054588318,0.5,0.4017672836780548,0.31005093455314636,0.2636791169643402,0.22389474511146545,0.14957386255264282,0.14721673727035522,0.0,0.05263157933950424,0.0,0.0,0.11083777248859406,0.0,0.0,0.027027027681469917,0.0,1.0,1.0,1.0,0.20913250744342804,0.31311264634132385,0.3715802729129791,0.0,0.014925372786819935,0.0,0.5882353186607361,0.5522388219833374,0.48120301961898804,0.0,0.0,0.0,0.029808975756168365,0.0,0.0,0.0,2.5904760360717773,0.5548825263977051,0.5259730219841003,0.739553689956665,0.6540926098823547,1.0418355464935303,1.362581491470337,3.058509588241577,0.03762221336364746,0.19546638429164886,0.29513171315193176,0.5282202959060669,0.9411764740943909,0.746268630027771,0.9849624037742615,0.029808975756168365,0.09393496066331863,0.24160003662109375,0.7103040218353271,1.0458390712738037,0.5882353186607361,0.5522388219833374,0.48120301961898804,0.3754112124443054,0.5091686248779297
0,0.8162221908569336,0.3645324110984802,0.2579311728477478,0.19375859200954437,0.4760890305042267,0.7104093432426453,1.447281837463379,0.0,0.0,0.0,0.029889650642871857,0.0,0.0,0.0,4.676236629486084,1.128423810005188,1.3898597955703735,1.9617619514465332,4.480045318603516,0.1358964592218399,0.46264758706092834,0.6285802721977234,1.2271243333816528,0.029889650642871857,0.4444444477558136,0.41818180680274963,0.40506330132484436,0.5,0.4791666567325592,0.4761424660682678,0.4054085314273834,0.31567221879959106,0.27551645040512085,0.25964266061782837,0.1617436408996582,0.08459596335887909,0.0,0.0,0.2295081913471222,0.0,-0.15466012060642242,-0.06283668428659439,0.0,0.0,0.1458333283662796,1.0,0.9583333134651184,0.8064516186714172,0.5555555820465088,0.4545454680919647,0.39240506291389465,0.5874999761581421,0.511424720287323,0.5,0.30687251687049866,0.3602585196495056,0.3270537555217743,0.41516268253326416,0.22647583484649658,0.08956100046634674,0.4285714626312256,0.11764705926179886,0.0,0.20916499197483063,0.049899954348802567,0.0,0.30000001192092896,0.06451612710952759,0.0,0.875,0.9583333134651184,1.0,0.29110580682754517,0.28955376148223877,0.30709201097488403,0.2222222238779068,0.05454545468091965,0.0,0.5555555820465088,0.5636363625526428,0.607594907283783,0.25166112184524536,0.3042154014110565,0.42480796575546265,0.0,0.0181818176060915,0.16455696523189545,0.5555555820465088,0.5636363625526428,0.607594907283783,0.4760890305042267,0.7104093432426453,1.447281837463379,2.6337802410125732,0.4117647111415863,0.447761207818985,0.42105263471603394,0.5,0.5,0.418817937374115,0.34569597244262695,0.32134002447128296,0.2683247923851013,0.15424448251724243,0.15745548903942108,0.08928743749856949,0.0,0.0,0.373983770608902,0.7456486821174622,0.291462779045105,0.2646157145500183,0.18957018852233887,0.0,0.0,-0.16329118609428406,0.0,0.0,0.359375,1.0,1.0,0.47826087474823,0.3618983328342438,0.5069785118103027,0.8196291327476501,0.4117647111415863,0.447761207818985,0.518796980381012,0.5,0.5,0.5,0.37666788697242737,0.3566288948059082,0.2847309112548828,0.2034517526626587,0.26085084676742554,0.23160766065120697,0.0,0.0,0.0,0.0,0.0,0.0,0.0,0.0,0.0,1.0,1.0,1.0,0.25324028730392456,0.20884445309638977,0.2871893048286438,0.0,0.0,0.0,0.5882353186607361,0.5522388219833374,0.48120301961898804,0.0,0.0,0.0,0.02988729253411293,0.0,0.0,0.0,3.5097718238830566,0.25993379950523376,0.2903057336807251,0.49070703983306885,1.1619819402694702,1.2463761568069458,1.2585320472717285,3.6668901443481445,0.13565342128276825,0.3129204511642456,0.2810387909412384,0.7296127080917358,0.0,0.0,0.4436090290546417,0.02988729253411293,0.3618983328342438,0.5069785118103027,0.8196291327476501,1.6885058879852295,0.5882353186607361,0.5522388219833374,0.48120301961898804,0.11584112048149109,0.26505938172340393
1,0.6033188104629517,0.2180362045764923,0.2073487937450409,0.17793381214141846,0.27742478251457214,0.7229318618774414,1.6588400602340698,0.0,0.0,0.0,0.029881872236728668,0.0,0.0,0.0,4.52397346496582,1.0588937997817993,1.3809318542480469,2.014307975769043,4.4541335105896,0.09987859427928925,0.44139212369918823,0.7174121141433716,1.2586828470230103,0.029881872236728668,0.5,0.3709677457809448,0.5131579041481018,0.5,0.4638157784938812,0.5174216032028198,0.2644664943218231,0.2847890257835388,0.2496175318956375,0.22093787789344788,0.048424117267131805,0.06332287192344666,0.0,0.09302325546741486,0.5066667199134827,0.0,-0.12945656478405,0.03492850065231323,0.0,0.05263157933950424,0.46341463923454285,1.0,0.875,0.5714285969734192,0.5,0.3709677457809448,0.46052631735801697,0.5,0.4791666567325592,0.5,0.3130253851413727,0.3570350408554077,0.30282604694366455,0.230388343334198,0.097283735871315,0.18354402482509613,0.222222238779068,0.0,0.0,0.0,-0.1611095368862152,0.0,0.1428571492433548,0.0,0.0,0.8571428656578064,0.9583333134651184,1.0,0.3162603974342346,0.3010806739330292,0.31092923879623413,0.1428571492433548,0.016129031777381897,0.0,0.5,0.6129032373428345,0.5394737124443054,0.3432379364967346,0.4118017256259918,0.4810829162597656,0.0,0.08064515888690948,0.44736841320991516,0.5,0.6129032373428345,0.5394737124443054,0.27742478251457214,0.7229318618774414,1.6588400602340698,2.6591968536376953,0.47058823704719543,0.447761207818985,0.43609023094177246,0.550000011920929,0.5,0.43783968687057495,0.28656870126724243,0.26867589354515076,0.26329466700553894,0.15472400188446045,0.04093020036816597,0.07373709976673126,0.1818181872367859,0.0,0.45255473256111145,0.6039921045303345,0.21991392970085144,0.20046618580818176,0.18361197412014008,0.20916499197483063,0.0,-0.12483051419258118,0.10000000149011612,0.0,0.484375,1.0,1.0,0.3913043439388275,0.18459779024124146,0.30933690071105957,0.8310691714286804,0.4117647111415863,0.447761207818985,0.518796980381012,0.5,0.5,0.5,0.37134501338005066,0.31137585639953613,0.28902819752693176,0.20240053534507751,0.23874440789222717,0.24620705842971802,0.0,0.0,0.0,0.0,0.0,0.0,0.0,0.0,0.0,1.0,1.0,1.0,0.26791781187057495,0.2700797915458679,0.27867525815963745,0.0,0.0,0.0,0.5882353186607361,0.5522388219833374,0.48120301961898804,0.0,0.0,0.0,0.029880166053771973,0.0,0.0,0.0,3.009169578552246,0.35614293813705444,0.40683096647262573,0.5098273754119873,1.0263491868972778,1.1400535106658936,1.2243843078613281,3.390787124633789,0.0740046352148056,0.20618167519569397,0.28141340613365173,0.5615997314453125,0.05882352963089943,0.0,0.548872172832489,0.029880166053771973,0.18459779024124146,0.30933690071105957,0.8310691714286804,1.3250038623809814,0.5882353186607361,0.5522388219833374,0.48120301961898804,0.2308449149131775,0.4556082487106323
2,0.554725170135498,0.19311444461345673,0.17950601875782013,0.1821046769618988,0.1826719343662262,0.8627358675003052,2.3505356311798096,0.0,0.0,0.0,0.029875054955482483,0.0,0.0,0.0,4.433243751525879,0.9953739047050476,1.2600566148757935,1.9654121398925781,4.220842361450195,0.08136405050754547,0.3569256365299225,0.6375885605812073,1.0758782625198364,0.029875054955482483,0.5,0.5,0.5316455960273743,0.5,0.5051282048225403,0.5123376846313477,0.26350104808807373,0.25263115763664246,0.2515450716018677,0.1635294407606125,0.07403142005205154,0.11060462892055511,0.3333333432674408,0.517241358757019,0.39344263076782227,0.0,0.010336227715015411,0.026085466146469116,0.25,0.5769230723381042,0.34285715222358704,0.75,0.4333333373069763,0.6818181872367859,0.5,0.5357142686843872,0.5569620132446289,0.5,0.5025640726089478,0.5,0.3183668255805969,0.26285383105278015,0.2525625228881836,0.4336321949958801,0.24344402551651,0.22654519975185394,0.0,0.0714285671710968,0.0,0.0,0.013781636953353882,0.0,0.0,0.03846153989434242,0.0,1.0,0.9666666388511658,1.0,0.234558567404747,0.3463783860206604,0.33041679859161377,0.0,0.0357142873108387,0.0,0.5,0.4642857015132904,0.4430379867553711,0.4487348794937134,0.49866098165512085,0.48048633337020874,0.25,0.5714285969734192,0.3291139304637909,0.5,0.4642857015132904,0.4430379867553711,0.1826719343662262,0.8627358675003052,2.3505356311798096,3.3959434032440186,0.47058823704719543,0.5074626803398132,0.48120301961898804,0.5285714268684387,0.5099099278450012,0.4841485619544983,0.25456178188323975,0.2490987926721573,0.25904950499534607,0.15430712699890137,0.02128540351986885,0.05790837109088898,0.3076923191547394,0.5217391848564148,0.5106383562088013,0.5433270931243896,0.18666914105415344,0.1760072112083435,0.1806507557630539,0.07377111166715622,0.01973113976418972,-0.0320829376578331,0.20000000298023224,0.4864864945411682,0.5625,0.8571428656578064,0.5333333611488342,0.4057970941066742,0.12309717386960983,0.24760882556438446,0.8223175406455994,0.4117647111415863,0.447761207818985,0.518796980381012,0.5,0.5,0.5,0.3751828968524933,0.2805873155593872,0.2874617874622345,0.18638114631175995,0.15703058242797852,0.24295273423194885,0.0,0.0,0.0,0.0,0.0,0.0,0.0,0.0,0.0,1.0,1.0,1.0,0.265380859375,0.3268447816371918,0.2861802279949188,0.0,0.0,0.0,0.5882353186607361,0.5522388219833374,0.48120301961898804,0.0,0.0,0.0,0.029873531311750412,0.0,0.0,0.0,2.8426780700683594,0.4268203675746918,0.49208924174308777,0.5143229961395264,0.9283390045166016,1.128312349319458,1.2119964361190796,3.2686476707458496,0.05110329017043114,0.1897054761648178,0.2849900424480438,0.5257987976074219,0.1764705926179886,0.4776119291782379,0.5789473652839661,0.029873531311750412,0.12309717386960983,0.24760882556438446,0.8223175406455994,1.1930235624313354,0.5882353186607361,0.5522388219833374,0.48120301961898804,0.30800294876098633,0.5063344240188599
3,0.5512814521789551,0.19608935713768005,0.17888785898685455,0.17630422115325928,0.23198723793029785,0.5620068907737732,1.3458929061889648,0.0,0.0,0.0,0.029868926852941513,0.0,0.0,0.0,3.836111068725586,0.9505822658538818,1.2968767881393433,1.739824891090393,3.987283706665039,0.06908858567476273,0.32628923654556274,0.5502137541770935,0.9455915689468384,0.029868926852941513,0.38461539149284363,0.4583333432674408,0.5538461804389954,0.3928571343421936,0.44173911213874817,0.550000011920929,0.27732712030410767,0.26111868023872375,0.25215429067611694,0.08383888006210327,0.07955536246299744,0.08257237821817398,0.3333333432674408,0.6176470518112183,0.591549277305603,-0.21957749128341675,-0.19055557250976562,0.10028694570064545,0.2857142984867096,0.8399999737739563,0.6000000238418579,0.5,0.043478261679410934,0.5,0.4615384638309479,0.4791666567325592,0.4615384638309479,0.5,0.5,0.49761903285980225,0.34212255477905273,0.2770065367221832,0.28046226501464844,0.2318534553050995,0.2234245091676712,0.14449657499790192,0.0,0.0,0.054054055362939835,0.0,0.0,-0.013746433891355991,0.0,0.0,0.02857142873108387,1.0,1.0,0.9666666388511658,0.2699022591114044,0.3317980468273163,0.35016539692878723,0.0,0.0,0.03076923079788685,0.5384615659713745,0.5208333134651184,0.5384615659713745,0.4684542417526245,0.5378887057304382,0.5085484981536865,0.38461539149284363,0.8958333134651184,0.5538461804389954,0.5384615659713745,0.5208333134651184,0.5384615659713745,0.23198723793029785,0.5620068907737732,1.3458929061889648,2.1398870944976807,0.47058823704719543,0.5074626803398132,0.45864662528038025,0.5285714268684387,0.46891891956329346,0.4680706560611725,0.24716365337371826,0.24537718296051025,0.25792551040649414,0.24899134039878845,0.0286584310233593,0.07642160356044769,0.3076923191547394,0.6526315212249756,0.5609756112098694,0.5251607298851013,0.17893588542938232,0.16860511898994446,0.17761972546577454,0.07377111166715622,-0.09064676612615585,-0.07387161254882812,0.20000000298023224,0.837837815284729,0.71875,0.8571428656578064,0.10000000149011612,0.21739129722118378,0.09219644963741302,0.229657381772995,0.802705705165863,0.4117647111415863,0.447761207818985,0.518796980381012,0.5,0.5,0.5,0.3605611324310303,0.28463268280029297,0.2850314974784851,0.1534186750650406,0.14919990301132202,0.2254462093114853,0.0,0.0,0.0,0.0,0.0,0.0,0.0,0.0,0.0,1.0,1.0,1.0,0.2816222608089447,0.32598745822906494,0.29335078597068787,0.0,0.0,0.0,0.5882353186607361,0.5522388219833374,0.48120301961898804,0.0,0.0,0.0,0.029867302626371384,0.0,0.0,0.0,2.772392749786377,0.45151904225349426,0.536121129989624,0.5350682139396667,0.8687150478363037,1.1164071559906006,1.2160394191741943,3.2011616230010986,0.04151837155222893,0.18466046452522278,0.2873837351799011,0.5135625600814819,0.1764705926179886,0.8656716346740723,0.7518796920776367,0.029867302626371384,0.09219644963741302,0.229657381772995,0.802705705165863,1.1245595216751099,0.5882353186607361,0.5522388219833374,0.48120301961898804,0.3555033802986145,0.7065660357475281
4,0.5256863832473755,0.18268540501594543,0.1714436560869217,0.17155729234218597,0.12026337534189224,0.32278597354888916,1.0082519054412842,0.0,0.0,0.0,0.02986263483762741,0.0,0.0,0.0,3.3203744888305664,0.9062123894691467,1.2303136587142944,1.445299506187439,3.5818257331848145,0.06177229434251785,0.32911741733551025,0.42662498354911804,0.8175146579742432,0.02986263483762741,0.529411792755127,0.5,0.529411792755127,0.5069444179534912,0.47596657276153564,0.4969053864479065,0.2429463416337967,0.2509618103504181,0.24913574755191803,0.09628812968730927,0.04533801227807999,0.027475876733660698,0.20000000298023224,0.6436781287193298,0.636363685131073,0.021516574546694756,-0.07154181599617004,-0.0068216887302696705,0.125,0.8484848737716675,0.7179487347602844,0.8888888955116272,0.1034482792019844,0.27586206793785095,0.5882353186607361,0.4677419364452362,0.44117647409439087,0.5625,0.5,0.5083996653556824,0.29475846886634827,0.2945607006549835,0.30048444867134094,0.30572041869163513,0.15110920369625092,0.14293597638607025,0.2222222238779068,0.0,0.095238097012043,0.2651650309562683,0.0,0.04045805335044861,0.125,0.0,0.05128205195069313,1.0,1.0,0.9655172228813171,0.28251489996910095,0.3166327178478241,0.3328891396522522,0.05882352963089943,0.0,0.04411764815449715,0.47058823704719543,0.5322580933570862,0.5735294222831726,0.4400360584259033,0.545337975025177,0.5256926417350769,0.11764705926179886,0.8709677457809448,0.720588207244873,0.47058823704719543,0.5322580933570862,0.5735294222831726,0.12026337534189224,0.32278597354888916,1.0082519054412842,1.4513012170791626,0.47058823704719543,0.5522388219833374,0.5112782120704651,0.5285714268684387,0.5,0.5267210006713867,0.24648773670196533,0.24574770033359528,0.2612333595752716,0.17986935377120972,0.015686100348830223,0.09004288166761398,0.3076923191547394,0.7115384936332703,0.6486486792564392,0.5197234749794006,0.1771097183227539,0.16674074530601501,0.17587299644947052,0.07377111166715622,0.0,0.09319962561130524,0.20000000298023224,1.0,0.9375,0.8571428656578064,0.0,0.11594203114509583,0.08929479867219925,0.22457528114318848,0.7771105766296387,0.4117647111415863,0.447761207818985,0.518796980381012,0.5,0.5,0.5,0.35657012462615967,0.29178091883659363,0.2831869423389435,0.1322268545627594,0.1420794129371643,0.21938678622245789,0.0,0.0,0.0,0.0,0.0,0.0,0.0,0.0,0.0,1.0,1.0,1.0,0.2795378565788269,0.3179038465023041,0.29941025376319885,0.0,0.0,0.0,0.5882353186607361,0.5522388219833374,0.48120301961898804,0.0,0.0,0.0,0.02986110933125019,0.0,0.0,0.0,2.7312798500061035,0.4627613127231598,0.5546543598175049,0.568200409412384,0.812235951423645,1.098630666732788,1.222818374633789,3.1336851119995117,0.03849977254867554,0.18253475427627563,0.2884887158870697,0.5095232725143433,0.1764705926179886,1.0,0.9097744226455688,0.02986110933125019,0.08929479867219925,0.22457528114318848,0.7771105766296387,1.0909806489944458,0.5882353186607361,0.5522388219833374,0.48120301961898804,0.38167959451675415,0.5724440813064575
5,0.5296298861503601,0.1879538595676422,0.17652812600135803,0.16514788568019867,0.11043170094490051,0.3747565448284149,1.9186558723449707,0.0,0.0,0.0,0.029856646433472633,0.0,0.0,0.0,3.8375353813171387,0.8756891489028931,1.1314795017242432,1.975687026977539,3.982855796813965,0.05731751397252083,0.2411772757768631,0.5899657607078552,0.8884605169296265,0.029856646433472633,0.3333333432674408,0.43478259444236755,0.5714285969734192,0.350649356842041,0.5357142686843872,0.5337170958518982,0.2696647346019745,0.2564713954925537,0.2422766238451004,0.16885042190551758,0.23401464521884918,0.025204824283719063,0.3333333432674408,0.5806451439857483,0.7115384340286255,-0.29870128631591797,0.1709408462047577,0.1447255164384842,0.27272728085517883,1.0,0.9736841917037964,0.4285714328289032,0.0714285746216774,0.09375,0.3888888955116272,0.6086956262588501,0.4714285731315613,0.5,0.5,0.5131579041481018,0.378405898809433,0.2274884283542633,0.2878892123699188,0.27053576707839966,0.3545648753643036,0.17075833678245544,0.0,0.0,0.05128205195069313,0.0,0.0,0.1104736328125,0.0,0.0,0.02631578966975212,1.0,1.0,1.0,0.2473278045654297,0.31546616554260254,0.3478499948978424,0.0,0.0,0.014285714365541935,0.6111111044883728,0.3913043439388275,0.5428571701049805,0.47575175762176514,0.5643959045410156,0.5654687881469727,0.3888888955116272,0.95652174949646,0.9428571462631226,0.6111111044883728,0.3913043439388275,0.5428571701049805,0.11043170094490051,0.3747565448284149,1.9186558723449707,2.403844118118286,0.5882353186607361,0.5522388219833374,0.49624061584472656,0.6285714507102966,0.5,0.5144927501678467,0.24393440783023834,0.24706797301769257,0.2679471969604492,0.10379199683666229,0.009697332978248596,0.12204291671514511,0.5333333611488342,0.7115384936332703,0.656410276889801,0.5158688426017761,0.17291221022605896,0.1667485237121582,0.17620809376239777,0.2777460217475891,0.0,0.1189994066953659,0.4000000059604645,1.0,1.0,0.8571428656578064,0.0,0.028985507786273956,0.11344835162162781,0.22243818640708923,0.7405709028244019,0.4117647111415863,0.447761207818985,0.518796980381012,0.5,0.5,0.5,0.3823876976966858,0.2940315902233124,0.2761062681674957,0.17659327387809753,0.12991130352020264,0.19563327729701996,0.0,0.0,0.0,0.0,0.0,0.0,0.0,0.0,0.0,1.0,1.0,1.0,0.23517143726348877,0.3178498446941376,0.3231637179851532,0.0,0.0,0.0,0.5882353186607361,0.5522388219833374,0.48120301961898804,0.0,0.0,0.0,0.029855230823159218,0.0,0.0,0.0,2.7178726196289062,0.484443336725235,0.5607731342315674,0.603076159954071,0.7651532292366028,1.0839779376983643,1.2393132448196411,3.088444232940674,0.03987353667616844,0.18235400319099426,0.2935791015625,0.5158066749572754,0.29411765933036804,1.0,0.9849624037742615,0.029855230823159218,0.11344835162162781,0.22243818640708923,0.7405709028244019,1.0764575004577637,0.5882353186607361,0.5522388219833374,0.48120301961898804,0.4015572667121887,0.4937865138053894
6,0.5120089054107666,0.18092821538448334,0.16922856867313385,0.1618521511554718,0.18050123751163483,0.3835494816303253,1.612047553062439,0.0,0.0,0.0,0.029851045459508896,0.0,0.0,0.0,4.208549976348877,0.8322975635528564,1.2279032468795776,2.333122968673706,4.39332389831543,0.05479323863983154,0.3349110782146454,0.7852968573570251,1.1750011444091797,0.029851045459508896,0.529411792755127,0.5400000214576721,0.5151515007019043,0.4848484992980957,0.5064412355422974,0.45676693320274353,0.2450125366449356,0.2505112588405609,0.24077945947647095,0.19593428075313568,0.0567949004471302,0.0914778783917427,0.3333333432674408,0.6849315166473389,0.6666666865348816,-0.03030303120613098,0.023666568100452423,-0.1309356838464737,0.3333333432674408,0.9259259104728699,0.8421052694320679,0.6363636255264282,0.08695652335882187,0.0714285746216774,0.6470588445663452,0.46000000834465027,0.43939393758773804,0.5,0.5,0.50845867395401,0.24675646424293518,0.3036312758922577,0.2827761173248291,0.4276985228061676,0.15020163357257843,0.1344168335199356,0.0,0.0,0.09756097942590714,0.0,0.0,0.040139392018318176,0.0,0.0,0.05263157933950424,1.0,1.0,0.9642857313156128,0.2193603515625,0.30979835987091064,0.37332212924957275,0.0,0.0,0.04545454680919647,0.3529411852359772,0.5400000214576721,0.5757575631141663,0.4822385907173157,0.5598084926605225,0.5890645980834961,0.3529411852359772,0.9200000166893005,0.8787878751754761,0.3529411852359772,0.5400000214576721,0.5757575631141663,0.18050123751163483,0.3835494816303253,1.612047553062439,2.176098346710205,0.5882353186607361,0.5373134613037109,0.48120301961898804,0.5857143402099609,0.4864864945411682,0.5,0.24292536079883575,0.2483091801404953,0.2763094902038574,0.08912962675094604,0.01770567148923874,0.1503262221813202,0.6315790414810181,0.6990290880203247,0.6497461795806885,0.5168310403823853,0.1705465018749237,0.16793756186962128,0.17834696173667908,0.16903084516525269,-0.11083777248859406,0.0,0.6000000238418579,0.9729729890823364,1.0,0.5714285969734192,0.0,0.0,0.13525040447711945,0.22123660147190094,0.7153317332267761,0.4117647111415863,0.447761207818985,0.518796980381012,0.5,0.5,0.5,0.40656450390815735,0.2976049780845642,0.27102646231651306,0.21359214186668396,0.13391023874282837,0.1742921620607376,0.0,0.0,0.0,0.0,0.0,0.0,0.0,0.0,0.0,1.0,1.0,1.0,0.19817256927490234,0.3138509690761566,0.34450480341911316,0.0,0.0,0.0,0.5882353186607361,0.5522388219833374,0.48120301961898804,0.0,0.0,0.0,0.029849659651517868,0.0,0.0,0.0,2.7233755588531494,0.49910569190979004,0.5550191402435303,0.6315291523933411,0.7331918478012085,1.0693359375,1.2674158811569214,3.06994366645813,0.04394979029893875,0.18152078986167908,0.2998169958591461,0.5252875685691833,0.529411792755127,0.9850746393203735,1.0,0.029849659651517868,0.13525040447711945,0.22123660147190094,0.7153317332267761,1.0718187093734741,0.5882353186607361,0.5522388219833374,0.48120301961898804,0.4092026352882385,0.6495850086212158
7,0.5283994674682617,0.18548566102981567,0.17344559729099274,0.16946819424629211,0.13210439682006836,0.628041684627533,2.5135810375213623,0.0,0.0,0.0,0.029845479875802994,0.0,0.0,0.0,3.9171104431152344,0.8320987820625305,1.1989216804504395,1.5043565034866333,3.535377025604248,0.06399690359830856,0.32210081815719604,0.4859313666820526,0.8720290660858154,0.029845479875802994,0.4736842215061188,0.4642857015132904,0.5512820482254028,0.46666669845581055,0.48020434379577637,0.5270270109176636,0.26022520661354065,0.2538919150829315,0.25304412841796875,0.0768575370311737,0.08836270868778229,0.13713881373405457,0.375,0.625,0.7008547186851501,-0.0690065547823906,-0.08785819262266159,0.17076514661312103,0.3333333432674408,0.9259259104728699,1.0,0.6000000238418579,0.03448275849223137,0.054054055362939835,0.5263158082962036,0.5178571343421936,0.4743589758872986,0.5,0.5,0.5,0.317224383354187,0.2755735516548157,0.2725064158439636,0.2718856930732727,0.2133476436138153,0.1288660168647766,0.0,0.0,0.0,0.0,0.0,0.0,0.0,0.0,0.0,1.0,1.0,1.0,0.2544301152229309,0.3045094907283783,0.3622564673423767,0.0,0.0,0.0,0.4736842215061188,0.4821428656578064,0.5256410241127014,0.48566070199012756,0.5526484251022339,0.6101095676422119,0.3684210479259491,0.9464285969734192,0.9743589758872986,0.4736842215061188,0.4821428656578064,0.5256410241127014,0.13210439682006836,0.628041684627533,2.5135810375213623,3.2737271785736084,0.529411792755127,0.5223880410194397,0.48120301961898804,0.5357142686843872,0.47612613439559937,0.5,0.24592456221580505,0.24907687306404114,0.28160592913627625,0.060110341757535934,0.020677072927355766,0.1629112958908081,0.5555555820465088,0.6800000071525574,0.6497461795806885,0.5228939056396484,0.17305028438568115,0.16960740089416504,0.18023622035980225,0.07042951881885529,-0.10021070390939713,0.0,0.5,0.9189189076423645,1.0,0.5714285969734192,0.03333333507180214,0.0,0.11804301291704178,0.22007696330547333,0.7073691487312317,0.4117647111415863,0.447761207818985,0.518796980381012,0.5,0.5,0.5,0.4047006070613861,0.3013840913772583,0.27013370394706726,0.21527430415153503,0.13836070895195007,0.1684924215078354,0.0,0.0,0.0,0.0,0.0,0.0,0.0,0.0,0.0,1.0,1.0,1.0,0.19649040699005127,0.3094004988670349,0.35030457377433777,0.0,0.0,0.0,0.5882353186607361,0.5522388219833374,0.48120301961898804,0.0,0.0,0.0,0.029844079166650772,0.0,0.0,0.0,2.7057454586029053,0.49233555793762207,0.5430651903152466,0.6441142559051514,0.6901441812515259,1.0631153583526611,1.295015573501587,3.0482749938964844,0.038735076785087585,0.18181848526000977,0.30011048913002014,0.5206640362739563,0.47058823704719543,0.9402984976768494,1.0,0.029844079166650772,0.11804301291704178,0.22007696330547333,0.7073691487312317,1.0454890727996826,0.5882353186607361,0.5522388219833374,0.48120301961898804,0.4055560231208801,0.5815305113792419
8,0.5633527636528015,0.21083380281925201,0.18301592767238617,0.16950304806232452,0.10291382670402527,0.43297356367111206,1.3459932804107666,0.0,0.0,0.0,0.029839899390935898,0.0,0.0,0.0,3.7548975944519043,0.7322874665260315,1.2768950462341309,1.8447755575180054,3.8539581298828125,0.040636591613292694,0.3242436945438385,0.6092374324798584,0.9741177558898926,0.029839899390935898,0.38461539149284363,0.37735849618911743,0.5068492889404297,0.4861111044883728,0.397857129573822,0.48796993494033813,0.30427342653274536,0.26881203055381775,0.25774767994880676,0.11636649072170258,0.16757340729236603,0.13616494834423065,0.3333333432674408,0.5352112650871277,0.6666666865348816,-0.03042903169989586,-0.3012028634548187,-0.06055005267262459,0.2222222238779068,0.7599999904632568,0.9473684430122375,0.75,0.0357142873108387,0.02857142873108387,0.3076923191547394,0.5283018946647644,0.4794520437717438,0.5,0.5,0.49887219071388245,0.3834773600101471,0.28034016489982605,0.27421388030052185,0.32101356983184814,0.24647903442382812,0.1577715426683426,0.0,0.0,0.04999999701976776,0.0,0.0,-0.006903212517499924,0.0,0.0,0.02631578966975212,1.0,1.0,0.9714285731315613,0.2612331509590149,0.2946186363697052,0.3594442903995514,0.0,0.0,0.027397260069847107,0.692307710647583,0.4716981053352356,0.5205479264259338,0.45517057180404663,0.544931948184967,0.6275710463523865,0.23076923191547394,0.8679245114326477,0.9589040875434875,0.692307710647583,0.4716981053352356,0.5205479264259338,0.10291382670402527,0.43297356367111206,1.3459932804107666,1.8818806409835815,0.6470588445663452,0.5373134613037109,0.48120301961898804,0.6785714626312256,0.48963963985443115,0.5,0.2484060525894165,0.24875600636005402,0.2820577025413513,0.16454046964645386,0.0075979954563081264,0.161433145403862,0.625,0.6930692791938782,0.6497461795806885,0.5256506204605103,0.17584599554538727,0.16923294961452484,0.18057166039943695,0.36780619621276855,-0.04982137680053711,0.0,0.5,0.9459459185600281,1.0,0.8571428656578064,0.03333333507180214,0.0,0.11544538289308548,0.22011344134807587,0.714137613773346,0.4117647111415863,0.447761207818985,0.518796980381012,0.5,0.5,0.5,0.41403841972351074,0.3009625971317291,0.27347519993782043,0.22751620411872864,0.13590313494205475,0.17872817814350128,0.0,0.0,0.0,0.0,0.0,0.0,0.0,0.0,0.0,1.0,1.0,1.0,0.18424850702285767,0.31185808777809143,0.3400688171386719,0.0,0.0,0.0,0.5882353186607361,0.5522388219833374,0.48120301961898804,0.0,0.0,0.0,0.029838522896170616,0.0,0.0,0.0,2.680586814880371,0.48251837491989136,0.5449113845825195,0.6426361799240112,0.6278995871543884,1.0586613416671753,1.2954761981964111,2.98203706741333,0.03745856508612633,0.18348123133182526,0.29726138710975647,0.5182011723518372,0.3529411852359772,0.9552238583564758,1.0,0.029838522896170616,0.11544538289308548,0.22011344134807587,0.714137613773346,1.049696445465088,0.5882353186607361,0.5522388219833374,0.48120301961898804,0.4130280017852783,0.78621906042099
9,0.5237619876861572,0.18658533692359924,0.17073504626750946,0.1664416491985321,0.14371223747730255,0.2915497124195099,1.0175909996032715,0.0,0.0,0.0,0.029834458604454994,0.0,0.0,0.0,3.7039289474487305,0.6616755127906799,1.235083818435669,1.8995070457458496,3.7962663173675537,0.040127672255039215,0.3585200607776642,0.7151634097099304,1.1138111352920532,0.029834458604454994,0.4615384638309479,0.5555555820465088,0.5866666436195374,0.4761905074119568,0.5041666626930237,0.515625,0.2663467824459076,0.2527916431427002,0.24963651597499847,0.027259957045316696,0.05558471381664276,0.05460631847381592,0.3636363744735718,0.707317054271698,0.7350426912307739,-0.05143444985151291,0.021926451474428177,0.13475452363491058,0.2857142984867096,0.9666666388511658,1.0,0.6666666865348816,0.0416666679084301,0.03125,0.4615384638309479,0.4444444477558136,0.4266666769981384,0.5,0.5,0.5,0.3406994640827179,0.32241570949554443,0.28811100125312805,0.32250821590423584,0.14807814359664917,0.08761151134967804,0.0,0.0,0.0,0.0,0.0,0.0,0.0,0.0,0.0,1.0,1.0,1.0,0.19169756770133972,0.3091612458229065,0.3590538203716278,0.0,0.0,0.0,0.5384615659713745,0.5555555820465088,0.5733333230018616,0.48879843950271606,0.5530747175216675,0.625426709651947,0.3076923191547394,0.9629629850387573,0.9866666793823242,0.5384615659713745,0.5555555820465088,0.5733333230018616,0.14371223747730255,0.2915497124195099,1.0175909996032715,1.4528529644012451,0.5882353186607361,0.5373134613037109,0.4887218177318573,0.6285714507102966,0.48963963985443115,0.5072463750839233,0.25096914172172546,0.24778106808662415,0.27998149394989014,0.11373896896839142,0.014967436902225018,0.15587517619132996,0.5333333611488342,0.6930692791938782,0.6530612111091614,0.5265536904335022,0.1785411536693573,0.16793635487556458,0.18007618188858032,0.2777460217475891,-0.04982137680053711,0.08382594585418701,0.4000000059604645,0.9459459185600281,1.0,0.8571428656578064,0.03333333507180214,0.014492753893136978,0.13127197325229645,0.22089150547981262,0.7200639843940735,0.4117647111415863,0.447761207818985,0.518796980381012,0.5,0.5,0.5,0.4396766126155853,0.2989133894443512,0.2772602438926697,0.2673815190792084,0.1306014060974121,0.18990649282932281,0.0,0.0,0.0,0.0,0.0,0.0,0.0,0.0,0.0,1.0,1.0,1.0,0.1534767746925354,0.3171597719192505,0.32889047265052795,0.0,0.0,0.0,0.5882353186607361,0.5522388219833374,0.48120301961898804,0.0,0.0,0.0,0.029833126813173294,0.0,0.0,0.0,2.664841651916504,0.47449633479118347,0.5522809028625488,0.6344245672225952,0.564605712890625,1.054516315460205,1.2852548360824585,2.904376983642578,0.04102155938744545,0.18633979558944702,0.29545557498931885,0.5228168964385986,0.29411765933036804,0.9552238583564758,0.9924812316894531,0.029833126813173294,0.13127197325229645,0.22089150547981262,0.7200639843940735,1.0722274780273438,0.5882353186607361,0.5522388219833374,0.48120301961898804,0.4222739338874817,0.6707167625427246
10,0.5278617739677429,0.1885097324848175,0.1765362024307251,0.16281582415103912,0.13910223543643951,0.34068483114242554,0.9767152070999146,0.0,0.0,0.0,0.02982919104397297,0.0,0.0,0.0,3.3725228309631348,0.6525153517723083,1.1187347173690796,1.7357525825500488,3.507002592086792,0.05789375305175781,0.24712839722633362,0.5818811058998108,0.8869032859802246,0.02982919104397297,0.47058823704719543,0.4523809552192688,0.5600000023841858,0.550000011920929,0.4727272689342499,0.5285714268684387,0.25519707798957825,0.25958019495010376,0.2415378838777542,0.12703801691532135,0.12049828469753265,0.08357451111078262,0.1818181872367859,0.610169529914856,0.7079645991325378,0.20916499197483063,-0.10577717423439026,0.17694957554340363,0.10000000149011612,0.8999999761581421,1.0,1.0,0.04545454680919647,0.05714285746216774,0.4117647111415863,0.523809552192688,0.46666666865348816,0.5,0.5,0.5,0.4218377470970154,0.2695567309856415,0.28208741545677185,0.25159022212028503,0.25832563638687134,0.1381211131811142,0.0,0.0,0.0,0.0,0.0,0.0,0.0,0.0,0.0,1.0,1.0,1.0,0.16017448902130127,0.3041493892669678,0.32854557037353516,0.0,0.0,0.0,0.5882353186607361,0.4761904776096344,0.5333333611488342,0.42223265767097473,0.5539817810058594,0.6155886054039001,0.05882352963089943,0.9285714030265808,0.9733333587646484,0.5882353186607361,0.4761904776096344,0.5333333611488342,0.13910223543643951,0.34068483114242554,0.9767152070999146,1.4565021991729736,0.529411792755127,0.5522388219833374,0.49624061584472656,0.5785714387893677,0.5,0.5144927501678467,0.2547280490398407,0.24664725363254547,0.277304470539093,0.11242176592350006,0.007734417915344238,0.14307698607444763,0.4285714626312256,0.7115384936332703,0.656410276889801,0.5286684036254883,0.1825990080833435,0.16657157242298126,0.17949780821800232,0.18232321739196777,0.0,0.1189994066953659,0.30000001192092896,1.0,1.0,0.8571428656578064,0.0,0.028985507786273956,0.14315421879291534,0.2227058857679367,0.7201565504074097,0.4117647111415863,0.447761207818985,0.518796980381012,0.5,0.5,0.5,0.4618982672691345,0.29502519965171814,0.2808570861816406,0.2838471829891205,0.12144537270069122,0.1988074630498886,0.0,0.0,0.0,0.0,0.0,0.0,0.0,0.0,0.0,1.0,1.0,1.0,0.12791754305362701,0.32631585001945496,0.31998950242996216,0.0,0.0,0.0,0.5882353186607361,0.5522388219833374,0.48120301961898804,0.0,0.0,0.0,0.029827892780303955,0.0,0.0,0.0,2.656918525695801,0.4623347520828247,0.5599732398986816,0.624026894569397,0.5175842046737671,1.0555808544158936,1.272904634475708,2.846069812774658,0.044141735881567,0.19096527993679047,0.2951592803001404,0.530266284942627,0.23529411852359772,1.0,0.9849624037742615,0.029827892780303955,0.14315421879291534,0.2227058857679367,0.7201565504074097,1.0860166549682617,0.5882353186607361,0.5522388219833374,0.48120301961898804,0.4313717782497406,0.5424299836158752
11,0.52614426612854,0.19311821460723877,0.17518162727355957,0.1578444540500641,0.19003254175186157,0.5651602149009705,1.5965802669525146,0.0,0.0,0.0,0.029824018478393555,0.0,0.0,0.0,4.304450988769531,0.7207099199295044,1.4174326658248901,2.088568687438965,4.226711273193359,0.06764017790555954,0.4551379978656769,0.75330650806427,1.2760846614837646,0.029824018478393555,0.3529411852359772,0.460317462682724,0.6153846383094788,0.4621211886405945,0.4833333194255829,0.5621657967567444,0.2692118287086487,0.2590324878692627,0.22882099449634552,0.21230123937129974,0.1019497960805893,0.05190253257751465,0.1538461446762085,0.6304348111152649,0.7413793206214905,-0.11236663907766342,-0.1331988424062729,0.23136906325817108,0.09090909361839294,0.9666666388511658,0.9772727489471436,0.8333333134651184,0.0,0.14705882966518402,0.3529411852359772,0.523809552192688,0.4871794879436493,0.5,0.5,0.5454545617103577,0.40129584074020386,0.2804858684539795,0.2636891007423401,0.1831783503293991,0.2204228639602661,0.2724752128124237,0.0,0.0,0.1666666716337204,0.0,0.0,0.204374760389328,0.0,0.0,0.09090909361839294,1.0,1.0,1.0,0.2381480485200882,0.30901989340782166,0.35146674513816833,0.0,0.0,0.05128205195069313,0.6470588445663452,0.4761904776096344,0.5641025900840759,0.4270009696483612,0.5622672438621521,0.596050500869751,0.11764705926179886,0.9841269850730896,0.9230769276618958,0.6470588445663452,0.4761904776096344,0.5641025900840759,0.19003254175186157,0.5651602149009705,1.5965802669525146,2.3517730236053467,0.529411792755127,0.5522388219833374,0.4887218177318573,0.6000000238418579,0.5,0.5066802501678467,0.2607843279838562,0.24600407481193542,0.27437829971313477,0.10263556241989136,0.008539438247680664,0.13036611676216125,0.3333333134651184,0.7115384936332703,0.6494845747947693,0.5342419147491455,0.18899840116500854,0.16616709530353546,0.1790764182806015,0.30550503730773926,0.0,0.04495781287550926,0.20000000298023224,1.0,0.984375,1.0,0.0,0.028985507786273956,0.12462851405143738,0.221917524933815,0.7169055938720703,0.4117647111415863,0.447761207818985,0.518796980381012,0.5,0.5,0.5,0.4613957703113556,0.292728066444397,0.28504008054733276,0.28480619192123413,0.11616422235965729,0.20620279014110565,0.0,0.0,0.0,0.0,0.0,0.0,0.0,0.0,0.0,1.0,1.0,1.0,0.12695850431919098,0.3315969407558441,0.3125942051410675,0.0,0.0,0.0,0.5882353186607361,0.5522388219833374,0.48120301961898804,0.0,0.0,0.0,0.029822738841176033,0.0,0.0,0.0,2.6215624809265137,0.4441346824169159,0.5607782602310181,0.6107158660888672,0.44877010583877563,1.0562138557434082,1.265847086906433,2.7708311080932617,0.03896455094218254,0.1940188854932785,0.29706627130508423,0.5300496816635132,0.11764705926179886,1.0,0.9774436354637146,0.029822738841176033,0.12462851405143738,0.221917524933815,0.7169055938720703,1.0634516477584839,0.5882353186607361,0.5522388219833374,0.48120301961898804,0.42998412251472473,0.9002373218536377
12,0.5477049946784973,0.18810366094112396,0.18400663137435913,0.17559467256069183,0.10364877432584763,0.3667548596858978,1.3507184982299805,0.0,0.0,0.0,0.029818980023264885,0.0,0.0,0.0,3.592172622680664,0.5080162286758423,1.1361504793167114,1.8024694919586182,3.446636199951172,0.04247984662652016,0.2800050675868988,0.6898230314254761,1.01230788230896,0.029818980023264885,0.5333333611488342,0.40425533056259155,0.49367088079452515,0.5625,0.4523809552192688,0.48942306637763977,0.25031036138534546,0.27599042654037476,0.2593890428543091,0.19407901167869568,0.16337928175926208,0.09992718696594238,0.2222222238779068,0.5757575631141663,0.6226415038108826,0.25,-0.23457716405391693,-0.028523840010166168,0.125,0.9047619104385376,0.824999988079071,1.0,0.0,0.1538461595773697,0.46666666865348816,0.5531914830207825,0.5443037748336792,0.5,0.5,0.550000011920929,0.35223668813705444,0.27436938881874084,0.2782423496246338,0.3224092125892639,0.2460840493440628,0.19935539364814758,0.0,0.0,0.1818181872367859,0.0,0.0,0.2280350923538208,0.0,0.0,0.10000000149011612,1.0,1.0,1.0,0.20069976150989532,0.31545814871788025,0.344948410987854,0.0,0.0,0.050632912665605545,0.5333333611488342,0.44680851697921753,0.5063291192054749,0.4197675585746765,0.567634642124176,0.5782567262649536,0.06666667014360428,0.957446813583374,0.8354430198669434,0.5333333611488342,0.44680851697921753,0.5063291192054749,0.10364877432584763,0.3667548596858978,1.3507184982299805,1.821122169494629,0.529411792755127,0.5522388219833374,0.48120301961898804,0.6000000238418579,0.5,0.4988677501678467,0.2635861933231354,0.24609634280204773,0.2735559046268463,0.22370882332324982,0.0028955936431884766,0.12907364964485168,0.3333333134651184,0.7115384936332703,0.6424870491027832,0.5369889736175537,0.19142429530620575,0.16677331924438477,0.1787913739681244,0.30550503730773926,0.0,-0.006624614354223013,0.20000000298023224,1.0,0.96875,1.0,0.0,0.028985507786273956,0.1291399896144867,0.2193925529718399,0.6994883418083191,0.4117647111415863,0.447761207818985,0.518796980381012,0.5,0.5,0.5,0.47966939210891724,0.2917155921459198,0.2840593457221985,0.30742478370666504,0.12652817368507385,0.1981596201658249,0.0,0.0,0.0,0.0,0.0,0.0,0.0,0.0,0.0,1.0,1.0,1.0,0.10433993488550186,0.3333341181278229,0.32063737511634827,0.0,0.0,0.0,0.5882353186607361,0.5522388219833374,0.48120301961898804,0.0,0.0,0.0,0.029817771166563034,0.0,0.0,0.0,2.6103618144989014,0.43953263759613037,0.5551344156265259,0.609437108039856,0.41510552167892456,1.053657054901123,1.2683607339859009,2.737123489379883,0.040238894522190094,0.19500569999217987,0.3009873926639557,0.5362319946289062,0.11764705926179886,1.0,0.969924807548523,0.029817771166563034,0.1291399896144867,0.2193925529718399,0.6994883418083191,1.048020839691162,0.5882353186607361,0.5522388219833374,0.48120301961898804,0.4237156808376312,0.5723629593849182
13,0.4976758360862732,0.19118523597717285,0.16173802316188812,0.14475254714488983,0.10770117491483688,0.43712079524993896,2.1803481578826904,0.0,0.0,0.0,0.029814107343554497,0.0,0.0,0.0,3.993091344833374,0.6718242764472961,1.2987170219421387,1.7815576791763306,3.75209903717041,0.06464862823486328,0.36417269706726074,0.6372345685958862,1.0660558938980103,0.029814107343554497,0.3333333432674408,0.5918367505073547,0.7105262875556946,0.4821428656578064,0.5,0.5803921818733215,0.275857537984848,0.2400868535041809,0.20949634909629822,0.21845200657844543,0.026900097727775574,0.13764749467372894,0.3333333134651184,0.7435897588729858,0.8166666626930237,-0.0357142873108387,0.0,0.26123130321502686,0.2142857164144516,1.0,0.9607843160629272,0.75,0.0,0.20000000298023224,0.2222222238779068,0.40816327929496765,0.3684210479259491,0.5,0.5,0.529411792755127,0.5292982459068298,0.32457584142684937,0.2991001307964325,0.23068992793560028,0.11245937645435333,0.2039654403924942,0.0,0.0,0.1111111044883728,0.0,0.0,0.14193324744701385,0.0,0.0,0.05882352963089943,1.0,1.0,1.0,0.16814352571964264,0.31083858013153076,0.3568058907985687,0.0,0.0,0.03947368264198303,0.7777777910232544,0.5918367505073547,0.6710526347160339,0.45255252718925476,0.564936637878418,0.572878897190094,0.2222222238779068,1.0,0.9078947305679321,0.7777777910232544,0.5918367505073547,0.6710526347160339,0.10770117491483688,0.43712079524993896,2.1803481578826904,2.725170135498047,0.529411792755127,0.5522388219833374,0.48120301961898804,0.6000000238418579,0.5031531453132629,0.4988677501678467,0.2648843228816986,0.24678580462932587,0.2729046046733856,0.22261619567871094,0.009494228288531303,0.12974226474761963,0.3333333134651184,0.7058823704719543,0.6424870491027832,0.5388482809066772,0.19201898574829102,0.16844475269317627,0.17838457226753235,0.30550503730773926,0.01842743344604969,-0.006624614354223013,0.20000000298023224,0.9729729890823364,0.96875,1.0,0.03333333507180214,0.028985507786273956,0.13817811012268066,0.21664917469024658,0.6853516101837158,0.4117647111415863,0.447761207818985,0.518796980381012,0.5,0.5,0.5,0.5013125538825989,0.29248714447021484,0.2820376753807068,0.33310288190841675,0.1410374641418457,0.18817895650863647,0.0,0.0,0.0,0.0,0.0,0.0,0.0,0.0,0.0,1.0,1.0,1.0,0.07866183668375015,0.3311178386211395,0.3306180238723755,0.0,0.0,0.0,0.5882353186607361,0.5522388219833374,0.48120301961898804,0.0,0.0,0.0,0.029812917113304138,0.0,0.0,0.0,2.6089930534362793,0.4406239986419678,0.5427445769309998,0.6104689836502075,0.4033921957015991,1.0494837760925293,1.2716190814971924,2.7244949340820312,0.04310044273734093,0.19453084468841553,0.3047943115234375,0.5424256324768066,0.11764705926179886,0.9701492786407471,0.969924807548523,0.029812917113304138,0.13817811012268066,0.21664917469024658,0.6853516101837158,1.040178894996643,0.5882353186607361,0.5522388219833374,0.48120301961898804,0.4127994775772095,0.7932615280151367
14,0.553644061088562,0.21321406960487366,0.17290763556957245,0.1675223410129547,0.13872407376766205,0.35406234860420227,1.093633770942688,0.0,0.0,0.0,0.029809366911649704,0.0,0.0,0.0,3.623244285583496,0.4768485426902771,1.1709121465682983,1.8866490125656128,3.534409523010254,0.043942902237176895,0.31402233242988586,0.7146863341331482,1.0726516246795654,0.029809366911649704,0.29411765933036804,0.5370370149612427,0.5662650465965271,0.2777777910232544,0.5219780206680298,0.5240893363952637,0.2945968806743622,0.2537579834461212,0.245327427983284,0.21077021956443787,0.055953651666641235,0.050433721393346786,0.0,0.6753246188163757,0.699999988079071,-0.5229763984680176,0.07577069103717804,0.07701883465051651,0.0,0.9285714030265808,0.9130434989929199,0.5555555820465088,0.11538461595773697,0.13513512909412384,0.529411792755127,0.48148149251937866,0.4337349534034729,0.5,0.5,0.4759106934070587,0.38207653164863586,0.30086836218833923,0.2745664715766907,0.3921689987182617,0.1802346557378769,0.17293410003185272,0.0,0.0,0.145454540848732,0.0,0.0,-0.07701883465051651,0.0,0.0,0.08695652335882187,1.0,1.0,0.8648648858070374,0.13724279403686523,0.3012468218803406,0.3854881525039673,0.0,0.0,0.10843373835086823,0.47058823704719543,0.5185185074806213,0.5542168617248535,0.4523552656173706,0.5491451025009155,0.6015939116477966,0.23529411852359772,0.9074074029922485,0.891566276550293,0.47058823704719543,0.5185185074806213,0.5542168617248535,0.13872407376766205,0.35406234860420227,1.093633770942688,1.5864201784133911,0.47058823704719543,0.5074626803398132,0.45864662528038025,0.550000011920929,0.4626126289367676,0.47599637508392334,0.26670193672180176,0.24748249351978302,0.27253031730651855,0.16430988907814026,0.024918153882026672,0.15182548761367798,0.1818181872367859,0.6666666865348816,0.625,0.5413708686828613,0.19314196705818176,0.17000214755535126,0.1782267987728119,0.20916499197483063,-0.14149326086044312,-0.1261047124862671,0.10000000149011612,0.8918918967247009,0.9375,1.0,0.03333333507180214,0.014492753893136978,0.12322535365819931,0.21485500037670135,0.6696617007255554,0.4117647111415863,0.447761207818985,0.518796980381012,0.5,0.5,0.5,0.5011985898017883,0.29392337799072266,0.28171414136886597,0.3350941240787506,0.1625143438577652,0.18032674491405487,0.0,0.0,0.0,0.0,0.0,0.0,0.0,0.0,0.0,1.0,1.0,1.0,0.0766705721616745,0.3278428912162781,0.3384701907634735,0.0,0.0,0.0,0.5882353186607361,0.5522388219833374,0.48120301961898804,0.0,0.0,0.0,0.029808150604367256,0.0,0.0,0.0,2.582894802093506,0.4401113986968994,0.5323808193206787,0.6104721426963806,0.35648059844970703,1.0476633310317993,1.2784764766693115,2.6826205253601074,0.03932188078761101,0.1938684731721878,0.31072261929512024,0.5439130067825317,0.05882352963089943,0.9253731369972229,0.9624060392379761,0.029808150604367256,0.12322535365819931,0.21485500037670135,0.6696617007255554,1.0077420473098755,0.5882353186607361,0.5522388219833374,0.48120301961898804,0.40185627341270447,0.5869278907775879
15,0.47320497035980225,0.1633947342634201,0.1590421199798584,0.15076808631420135,0.11966120451688766,0.43762311339378357,1.0061380863189697,0.0,0.0,0.0,0.029804563149809837,0.0,0.0,0.0,3.677245855331421,0.45491236448287964,1.3876680135726929,1.91472327709198,3.7573037147521973,0.045272599905729294,0.3953101634979248,0.6814903020858765,1.1220730543136597,0.029804563149809837,0.6363636255264282,0.6153846383094788,0.6582278609275818,0.7142857313156128,0.4722689092159271,0.5706896185874939,0.22300483286380768,0.23734472692012787,0.21675710380077362,0.4186360836029053,0.12756307423114777,0.08563944697380066,0.5999999642372131,0.7560975551605225,0.7692307829856873,0.4629100263118744,-0.08825138211250305,0.1898636519908905,0.4285714328289032,0.8857142925262451,0.8999999761581421,1.0,0.05882352963089943,0.24137930572032928,0.3636363744735718,0.32692307233810425,0.4303797483444214,0.5,0.5,0.5282758474349976,0.4366479814052582,0.35667726397514343,0.2782348394393921,0.3273181915283203,0.08537720888853073,0.22622644901275635,0.0,0.0,0.26229509711265564,0.0,0.0,0.0787370353937149,0.0,0.0,0.1599999964237213,1.0,1.0,0.8965517282485962,0.18145453929901123,0.2999032735824585,0.37150269746780396,0.0,0.0,0.13924050331115723,0.6363636255264282,0.6730769276618958,0.6329113841056824,0.4545506536960602,0.5512241721153259,0.5725884437561035,0.27272728085517883,0.9038461446762085,0.8481012582778931,0.6363636255264282,0.6730769276618958,0.6329113841056824,0.11966120451688766,0.43762311339378357,1.0061380863189697,1.563422441482544,0.47058823704719543,0.5074626803398132,0.4661654233932495,0.550000011920929,0.46891891956329346,0.4832427501678467,0.2689654529094696,0.24772503972053528,0.27137982845306396,0.16749829053878784,0.022169679403305054,0.14068081974983215,0.1818181872367859,0.6526315212249756,0.628272294998169,0.5439554452896118,0.19546489417552948,0.1704706996679306,0.17801983654499054,0.20916499197483063,-0.09064676612615585,-0.080680713057518,0.10000000149011612,0.837837815284729,0.9375,1.0,0.10000000149011612,0.028985507786273956,0.13201390206813812,0.2145523875951767,0.6654893755912781,0.4117647111415863,0.447761207818985,0.518796980381012,0.5,0.5,0.5,0.522328794002533,0.298712819814682,0.284354031085968,0.3702464699745178,0.158616304397583,0.184966042637825,0.0,0.0,0.0,0.0,0.0,0.0,0.0,0.0,0.0,1.0,1.0,1.0,0.05531134456396103,0.3191210627555847,0.33383092284202576,0.0,0.0,0.0,0.5882353186607361,0.5522388219833374,0.48120301961898804,0.0,0.0,0.0,0.029803408309817314,0.0,0.0,0.0,2.5811808109283447,0.4349416196346283,0.5296323895454407,0.6068462133407593,0.3569919168949127,1.0408962965011597,1.2749322652816772,2.672820568084717,0.04182087257504463,0.1925622671842575,0.3112872838973999,0.5456703901290894,0.05882352963089943,0.8656716346740723,0.9548872113227844,0.029803408309817314,0.13201390206813812,0.2145523875951767,0.6654893755912781,1.0120556354522705,0.5882353186607361,0.5522388219833374,0.48120301961898804,0.39416223764419556,0.8484632968902588
16,0.5293965339660645,0.2059241086244583,0.16469034552574158,0.15878203511238098,0.17060130834579468,0.7569317817687988,1.705161690711975,0.0,0.0,0.0,0.029799923300743103,0.0,0.0,0.0,4.547761917114258,0.48722583055496216,1.4402353763580322,2.388176918029785,4.315638065338135,0.05789677053689957,0.4194745421409607,0.9338650107383728,1.41123628616333,0.029799923300743103,0.29411765933036804,0.6206896305084229,0.6233766078948975,0.4416666626930237,0.5353535413742065,0.546875,0.2933087646961212,0.24251291155815125,0.23093104362487793,0.141505166888237,0.10897570103406906,0.06508981436491013,0.1428571492433548,0.7441860437393188,0.756302535533905,-0.1649915874004364,0.09949366748332977,0.23876795172691345,0.0833333358168602,0.8888888955116272,1.0,0.800000011920929,0.1818181872367859,0.09375,0.29411765933036804,0.37931033968925476,0.5064935088157654,0.5,0.5,0.5777778029441833,0.5323302149772644,0.32126301527023315,0.26165881752967834,0.1614885777235031,0.1858142912387848,0.21413058042526245,0.0,0.0,0.26923075318336487,0.0,0.0,0.2666666805744171,0.0,0.0,0.15555556118488312,1.0,1.0,1.0,0.13262906670570374,0.2939945161342621,0.3764311671257019,0.0,0.0,0.09090909361839294,0.7058823704719543,0.6206896305084229,0.5844155550003052,0.43562281131744385,0.5420199632644653,0.5840533375740051,0.11764705926179886,0.8620689511299133,0.9610389471054077,0.7058823704719543,0.6206896305084229,0.5844155550003052,0.17060130834579468,0.7569317817687988,1.705161690711975,2.632694721221924,0.529411792755127,0.5373134613037109,0.45864662528038025,0.6000000238418579,0.4927927851676941,0.4754302501678467,0.268721342086792,0.24733465909957886,0.2714649736881256,0.227550208568573,0.014789227396249771,0.14663207530975342,0.3333333134651184,0.6868687272071838,0.621052622795105,0.5441982746124268,0.1961231827735901,0.16972985863685608,0.17834526300430298,0.30550503730773926,-0.02727580815553665,-0.10995396971702576,0.20000000298023224,0.9189189076423645,0.921875,1.0,0.06666667014360428,0.028985507786273956,0.12170697003602982,0.2183188796043396,0.6591812968254089,0.4117647111415863,0.447761207818985,0.5112782120704651,0.5,0.5,0.49275362491607666,0.5322160124778748,0.29758214950561523,0.2880184054374695,0.3784194588661194,0.15359723567962646,0.19017630815505981,0.0,0.0,0.0,0.0,0.0,-0.08382594585418701,0.0,0.0,0.0,1.0,1.0,0.9855072498321533,0.046834371984004974,0.3248370289802551,0.3287418484687805,0.0,0.0,0.007518797181546688,0.5882353186607361,0.5522388219833374,0.48120301961898804,0.0,0.0,0.0,0.029798809438943863,0.0,0.0,0.0,2.5605409145355225,0.43164798617362976,0.5342718362808228,0.605278730392456,0.3122216761112213,1.0416713953018188,1.2688019275665283,2.622694969177246,0.03897658735513687,0.19568940997123718,0.3139016926288605,0.5485676527023315,0.11764705926179886,0.9253731369972229,0.9473684430122375,0.029798809438943863,0.12170697003602982,0.2183188796043396,0.6591812968254089,0.9992071390151978,0.5882353186607361,0.5522388219833374,0.48120301961898804,0.39540526270866394,0.9187703728675842
17,0.5191453099250793,0.19279725849628448,0.1644635647535324,0.16188448667526245,0.10090446472167969,0.3941023349761963,1.500876545906067,0.0,0.0,0.0,0.029795411974191666,0.0,0.0,0.0,3.447953701019287,0.38175514340400696,1.1446969509124756,1.685564398765564,3.2120165824890137,0.042869921773672104,0.2857963740825653,0.6090867519378662,0.9377530813217163,0.029795411974191666,0.4615384638309479,0.6078431606292725,0.6666666865348816,0.5249999761581421,0.5690993666648865,0.6284722089767456,0.26923316717147827,0.2404707372188568,0.23271897435188293,0.10665685683488846,0.05467161536216736,0.158610001206398,0.3636363744735718,0.7297297120094299,0.7543859481811523,0.05773502588272095,0.23125076293945312,0.3098866641521454,0.25,0.9642857313156128,0.8958333134651184,0.800000011920929,0.17391304671764374,0.3611111044883728,0.38461539149284363,0.45098039507865906,0.5357142686843872,0.5,0.5,0.5833333730697632,0.47579696774482727,0.2893486022949219,0.25914254784584045,0.32664328813552856,0.22064350545406342,0.16683539748191833,0.0,0.0,0.3809524178504944,0.0,0.0,0.21535274386405945,0.0,0.0,0.25,1.0,1.0,0.9166666865348816,0.13205671310424805,0.31157657504081726,0.3851809799671173,0.0,0.0,0.1785714328289032,0.6153846383094788,0.5490196347236633,0.5714285969734192,0.4588830769062042,0.5531715154647827,0.5680104494094849,0.23076923191547394,0.9019607901573181,0.7857142686843872,0.6153846383094788,0.5490196347236633,0.5714285969734192,0.10090446472167969,0.3941023349761963,1.500876545906067,1.9958833456039429,0.529411792755127,0.5522388219833374,0.451127827167511,0.6000000238418579,0.5031531453132629,0.4676177501678467,0.2668740749359131,0.2468443661928177,0.2712891697883606,0.22385939955711365,0.010900056920945644,0.14948540925979614,0.3333333134651184,0.7058823704719543,0.6137565970420837,0.5415379405021667,0.1941269487142563,0.16864536702632904,0.17876560986042023,0.30550503730773926,0.01842743344604969,-0.13609793782234192,0.20000000298023224,0.9729729890823364,0.90625,1.0,0.03333333507180214,0.028985507786273956,0.09423976391553879,0.22126387059688568,0.6328654885292053,0.4117647111415863,0.447761207818985,0.4887218177318573,0.5,0.5,0.47101449966430664,0.5162651538848877,0.2949865758419037,0.29236140847206116,0.3678308427333832,0.12017234414815903,0.1944454461336136,0.0,0.0,0.0,0.0,0.0,-0.16959013044834137,0.0,0.0,0.0,1.0,1.0,0.9420289993286133,0.062245145440101624,0.3330216407775879,0.3305429220199585,0.0,0.0,0.030075188726186752,0.5882353186607361,0.5522388219833374,0.48120301961898804,0.0,0.0,0.0,0.02979429066181183,0.0,0.0,0.0,2.525218963623047,0.43697601556777954,0.5413388013839722,0.6006131768226624,0.2266232967376709,1.0496879816055298,1.2841230630874634,2.560434341430664,0.031845759600400925,0.1992528736591339,0.3243721127510071,0.5554707646369934,0.11764705926179886,0.9701492786407471,0.9398496150970459,0.02979429066181183,0.09423976391553879,0.22126387059688568,0.6328654885292053,0.9483691453933716,0.5882353186607361,0.5522388219833374,0.48120301961898804,0.39848071336746216,0.6168627142906189
18,0.5061073303222656,0.17972931265830994,0.16133075952529907,0.16504722833633423,0.10799651592969894,0.4326777458190918,0.9415889382362366,0.0,0.0,0.0,0.02979094907641411,0.0,0.0,0.0,3.501542091369629,0.479314923286438,1.3005012273788452,1.793286919593811,3.5731029510498047,0.05319524556398392,0.3049226403236389,0.657994270324707,1.0161120891571045,0.02979094907641411,0.5555555820465088,0.5641025900840759,0.6142857074737549,0.5249999761581421,0.4583333432674408,0.5833333730697632,0.2399720847606659,0.23886814713478088,0.2402275949716568,0.17133711278438568,0.05877624824643135,0.07789382338523865,0.3333333432674408,0.7213115096092224,0.7032967209815979,0.05976142734289169,-0.18380364775657654,0.18547163903713226,0.25,0.9166666865348816,0.800000011920929,0.800000011920929,0.0,0.36666667461395264,0.5555555820465088,0.38461539149284363,0.41428571939468384,0.5,0.5,0.4625000059604645,0.3668621778488159,0.33299821615219116,0.2944144606590271,0.4550541937351227,0.1395062804222107,0.20775917172431946,0.0,0.0,0.19607841968536377,0.0,0.0,-0.10198341310024261,0.0,0.0,0.125,1.0,1.0,0.800000011920929,0.1005014106631279,0.2895016074180603,0.36196738481521606,0.0,0.0,0.15714286267757416,0.4444444477558136,0.6153846383094788,0.5714285969734192,0.4476051330566406,0.555096447467804,0.5625144243240356,0.2222222238779068,0.9487179517745972,0.7285714149475098,0.4444444477558136,0.6153846383094788,0.5714285969734192,0.10799651592969894,0.4326777458190918,0.9415889382362366,1.482263207435608,0.529411792755127,0.5522388219833374,0.45864662528038025,0.6000000238418579,0.5031531453132629,0.47316575050354004,0.2662448287010193,0.24603667855262756,0.2676861882209778,0.21783703565597534,0.0068354979157447815,0.18100373446941376,0.3333333134651184,0.7058823704719543,0.6043956279754639,0.5390183925628662,0.1929413080215454,0.16776907444000244,0.17830803990364075,0.30550503730773926,0.01842743344604969,-0.08477097004652023,0.20000000298023224,0.9729729890823364,0.859375,1.0,0.03333333507180214,0.08695652335882187,0.10060811042785645,0.2190464287996292,0.6254359483718872,0.4117647111415863,0.447761207818985,0.4887218177318573,0.5,0.5,0.47101449966430664,0.5314618349075317,0.299917072057724,0.29806914925575256,0.38103193044662476,0.13755634427070618,0.19961300492286682,0.0,0.0,0.0,0.0,0.0,-0.16959013044834137,0.0,0.0,0.0,1.0,1.0,0.9420289993286133,0.047321874648332596,0.3237571716308594,0.31985053420066833,0.0,0.0,0.030075188726186752,0.5882353186607361,0.5522388219833374,0.48120301961898804,0.0,0.0,0.0,0.029789788648486137,0.0,0.0,0.0,2.522681951522827,0.4433019161224365,0.5454033613204956,0.5857157111167908,0.22720050811767578,1.0446991920471191,1.285765528678894,2.5576653480529785,0.0329718254506588,0.19691035151481628,0.32800838351249695,0.5578905344009399,0.11764705926179886,0.9701492786407471,0.8872180581092834,0.029789788648486137,0.10060811042785645,0.2190464287996292,0.6254359483718872,0.9450904726982117,0.5882353186607361,0.5522388219833374,0.48120301961898804,0.39521217346191406,0.7554322481155396
19,0.5201607346534729,0.19607089459896088,0.16047050058841705,0.16361932456493378,0.12648575007915497,0.4374205470085144,1.7710933685302734,0.0,0.0,0.0,0.02978629246354103,0.0,0.0,0.0,3.652292251586914,0.34806808829307556,1.1729580163955688,1.8177547454833984,3.3387808799743652,0.04622000455856323,0.3082399070262909,0.6388973593711853,0.9933573007583618,0.02978629246354103,0.42105263471603394,0.6170212626457214,0.4722222089767456,0.4333333373069763,0.5,0.3897872269153595,0.269738107919693,0.24118506908416748,0.24196068942546844,0.052629247307777405,0.04229539632797241,0.1554105281829834,0.2666666805744171,0.763157844543457,0.6200000047683716,-0.1511857807636261,0.0,-0.23810367286205292,0.20000000298023224,1.0,0.6595744490623474,0.6666666865348816,0.0,0.11999999731779099,0.4736842215061188,0.38297873735427856,0.4583333432674408,0.5,0.5,0.5570212602615356,0.39625856280326843,0.35256409645080566,0.31335175037384033,0.438863068819046,0.1044229194521904,0.07769473642110825,0.0,0.0,0.3606557548046112,0.0,0.0,0.13718537986278534,0.0,0.0,0.23404255509376526,1.0,1.0,0.8799999952316284,0.11939066648483276,0.29221251606941223,0.38063856959342957,0.0,0.0,0.1944444477558136,0.5263158082962036,0.6170212626457214,0.6527777910232544,0.4525299668312073,0.574725866317749,0.5518457293510437,0.2631579041481018,1.0,0.7361111044883728,0.5263158082962036,0.6170212626457214,0.6527777910232544,0.12648575007915497,0.4374205470085144,1.7710933685302734,2.3349995613098145,0.5882353186607361,0.5373134613037109,0.45864662528038025,0.6499999761581421,0.4864864945411682,0.47316575050354004,0.2640332877635956,0.2456720769405365,0.2675655484199524,0.2217731922864914,0.007785154040902853,0.1833435744047165,0.46153849363327026,0.6990290880203247,0.6043956279754639,0.5363367795944214,0.19036942720413208,0.16760770976543427,0.17835961282253265,0.3872983455657959,-0.11083777248859406,-0.08477097004652023,0.30000001192092896,0.9729729890823364,0.859375,1.0,0.0,0.08695652335882187,0.10399610549211502,0.21845044195652008,0.6202818751335144,0.4117647111415863,0.447761207818985,0.5037593841552734,0.5,0.5,0.4855072498321533,0.5414968729019165,0.30311334133148193,0.3000604212284088,0.3887662887573242,0.1338106244802475,0.20319953560829163,0.0,0.0,0.0,0.0,0.0,-0.1189994066953659,0.0,0.0,0.0,1.0,1.0,0.9710144996643066,0.03794170916080475,0.31934696435928345,0.3160640001296997,0.0,0.0,0.015037594363093376,0.5882353186607361,0.5522388219833374,0.48120301961898804,0.0,0.0,0.0,0.02978510968387127,0.0,0.0,0.0,2.5260071754455566,0.4526327848434448,0.545098602771759,0.5844271779060364,0.23236264288425446,1.0439035892486572,1.2896658182144165,2.565932035446167,0.033666279166936874,0.19683077931404114,0.32982495427131653,0.5603220462799072,0.1764705926179886,0.9850746393203735,0.8872180581092834,0.02978510968387127,0.10399610549211502,0.21845044195652008,0.6202818751335144,0.9427284002304077,0.5882353186607361,0.5522388219833374,0.48120301961898804,0.3902505040168762,0.5768525004386902
20,0.48388656973838806,0.1785205900669098,0.15070824325084686,0.1546577513217926,0.08871547877788544,0.4277799725532532,0.9486361742019653,0.0,0.0,0.0,0.029781455174088478,0.0,0.0,0.0,3.228832244873047,0.36918628215789795,1.1147221326828003,1.7315195798873901,3.215427875518799,0.04317072778940201,0.24561776220798492,0.618287205696106,0.9070757031440735,0.029781455174088478,0.3636363744735718,0.7209302186965942,0.5853658318519592,0.38333335518836975,0.5384615659713745,0.49292927980422974,0.25046971440315247,0.22414889931678772,0.22685937583446503,0.3512863516807556,0.15960849821567535,0.099909707903862,0.222222238779068,0.8333333730697632,0.7118643522262573,-0.26087456941604614,0.2344036102294922,-0.015751032158732414,0.1666666716337204,1.0,0.7636363506317139,0.6000000238418579,0.07692307978868484,0.2222222238779068,0.4545454680919647,0.302325576543808,0.4390243887901306,0.5,0.5,0.5723905563354492,0.4629148244857788,0.3832894563674927,0.31450605392456055,0.41950029134750366,0.08764208108186722,0.14020083844661713,0.0,0.0,0.3030303120613098,0.0,0.0,0.19964098930358887,0.0,0.0,0.1818181872367859,1.0,1.0,0.9629629850387573,0.11471333354711533,0.29082798957824707,0.3590775430202484,0.0,0.0,0.13414634764194489,0.5454545617103577,0.6976743936538696,0.6707317233085632,0.4663437008857727,0.5613217949867249,0.5614347457885742,0.27272728085517883,0.9767441749572754,0.7682926654815674,0.5454545617103577,0.6976743936538696,0.6707317233085632,0.08871547877788544,0.4277799725532532,0.9486361742019653,1.4651316404342651,0.47058823704719543,0.5522388219833374,0.4436090290546417,0.5071429014205933,0.5031531453132629,0.4609375,0.25876450538635254,0.2463967353105545,0.2753920555114746,0.041431717574596405,0.012366839684545994,0.1698681116104126,0.4000000059604645,0.7058823704719543,0.6145833134651184,0.5323323011398315,0.18393312394618988,0.16854825615882874,0.17985095083713531,0.015430334955453873,0.01842743344604969,-0.20521758496761322,0.30000001192092896,0.9729729890823364,0.921875,0.7142857313156128,0.03333333507180214,0.0,0.08184108138084412,0.21954259276390076,0.5805311799049377,0.4117647111415863,0.447761207818985,0.4661654233932495,0.5,0.5,0.4492753744125366,0.5172609090805054,0.299748957157135,0.2928133010864258,0.38720691204071045,0.1262606829404831,0.1735360324382782,0.0,0.0,0.0,0.0,0.0,-0.22700174152851105,0.0,0.0,0.0,1.0,1.0,0.8985507488250732,0.059793002903461456,0.3270987272262573,0.351357102394104,0.0,0.0,0.05263157933950424,0.5882353186607361,0.5522388219833374,0.48120301961898804,0.0,0.0,0.0,0.029780220240354538,0.0,0.0,0.0,2.506023645401001,0.4740271270275116,0.5398719310760498,0.6134772300720215,0.16972202062606812,1.0500283241271973,1.3178555965423584,2.5376060009002686,0.029018057510256767,0.19906100630760193,0.34382617473602295,0.571905255317688,0.29411765933036804,0.9701492786407471,0.9624060392379761,0.029780220240354538,0.08184108138084412,0.21954259276390076,0.5805311799049377,0.8819148540496826,0.5882353186607361,0.5522388219833374,0.48120301961898804,0.3894850015640259,0.47753843665122986
21,0.4895864725112915,0.168452650308609,0.16126663982868195,0.15986718237400055,0.09471769630908966,0.443740576505661,0.7784324884414673,0.0,0.0,0.0,0.029776671901345253,0.0,0.0,0.0,3.426114559173584,0.30710989236831665,1.3208976984024048,1.771072506904602,3.399080276489258,0.04320044070482254,0.36466214060783386,0.6644595861434937,1.072322130203247,0.029776671901345253,0.6666666865348816,0.581818163394928,0.6363636255264282,0.75,0.49242424964904785,0.5620915293693542,0.24005892872810364,0.23808175325393677,0.23085151612758636,0.17292742431163788,0.041938457638025284,0.05882160738110542,0.6666666865348816,0.729411780834198,0.7499999403953552,0.5,-0.0326860211789608,0.16531741619110107,0.5,0.939393937587738,0.8888888955116272,1.0,0.04545454680919647,0.23529411852359772,0.3333333432674408,0.4000000059604645,0.4886363744735718,0.5,0.5,0.5669934749603271,0.4660123288631439,0.3322306275367737,0.2829951345920563,0.27521491050720215,0.113289013504982,0.15282773971557617,0.0,0.0,0.3478260636329651,0.0,0.0,0.17349688708782196,0.0,0.0,0.2222222238779068,1.0,1.0,0.9117646813392639,0.15817807614803314,0.2867110073566437,0.3737296760082245,0.0,0.0,0.17045454680919647,0.6666666865348816,0.6000000238418579,0.6136363744735718,0.4937392473220825,0.5573047995567322,0.5775420665740967,0.3333333432674408,0.9454545378684998,0.8409090638160706,0.6666666865348816,0.6000000238418579,0.6136363744735718,0.09471769630908966,0.443740576505661,0.7784324884414673,1.3168907165527344,0.529411792755127,0.5223880410194397,0.451127827167511,0.5571428537368774,0.47612613439559937,0.46875,0.2565905749797821,0.24653778970241547,0.2797878682613373,0.08940265327692032,0.01638018898665905,0.17662176489830017,0.5,0.6800000071525574,0.621761679649353,0.5315887928009033,0.18134258687496185,0.16924715042114258,0.1809990257024765,0.11769798398017883,-0.10021070390939713,-0.18283936381340027,0.4000000059604645,0.9189189076423645,0.9375,0.7142857313156128,0.03333333507180214,0.0,0.09692273288965225,0.21860402822494507,0.5753689408302307,0.4117647111415863,0.447761207818985,0.45864662528038025,0.5,0.5,0.4420289993286133,0.5383219718933105,0.3033849895000458,0.2908563017845154,0.38960278034210205,0.13264219462871552,0.1656927466392517,0.0,0.0,0.0,0.0,0.0,-0.2436438500881195,0.0,0.0,0.0,1.0,1.0,0.8840579986572266,0.038949958980083466,0.32047441601753235,0.35919010639190674,0.0,0.0,0.060150377452373505,0.5882353186607361,0.5522388219833374,0.48120301961898804,0.0,0.0,0.0,0.029775485396385193,0.0,0.0,0.0,2.524962902069092,0.4842554032802582,0.5342262983322144,0.6277495622634888,0.2031908929347992,1.0422656536102295,1.3218754529953003,2.5673320293426514,0.0320310965180397,0.19740654528141022,0.34533989429473877,0.5747775435447693,0.3529411852359772,0.9402984976768494,0.969924807548523,0.029775485396385193,0.09692273288965225,0.21860402822494507,0.5753689408302307,0.8908957242965698,0.5882353186607361,0.5522388219833374,0.48120301961898804,0.3876013457775116,0.8342721462249756
22,0.4873327910900116,0.15629206597805023,0.16584153473377228,0.1651991903781891,0.12805727124214172,0.6026479005813599,1.9582010507583618,0.0,0.0,0.0,0.029771892353892326,0.0,0.0,0.0,3.5983381271362305,0.3970445990562439,1.1731551885604858,1.5996252298355103,3.1698250770568848,0.0534391775727272,0.3313620090484619,0.5400930047035217,0.9248942136764526,0.029771892353892326,0.8947368264198303,0.5208333134651184,0.5853658318519592,0.9166666269302368,0.49125874042510986,0.5398176312446594,0.2133851796388626,0.24160407483577728,0.2393401712179184,0.40268421173095703,0.07462949305772781,0.027846021577715874,0.9090909361839294,0.6567164063453674,0.7017543911933899,0.8050764799118042,-0.024680903181433678,0.10188383609056473,0.8333333134651184,0.8461538553237915,0.8510638475418091,1.0,0.13636364042758942,0.22857142984867096,0.3684210479259491,0.4583333432674408,0.5121951103210449,0.5,0.5,0.559878408908844,0.494093656539917,0.29857999086380005,0.25928524136543274,0.2869861125946045,0.15642724931240082,0.2539488971233368,0.0,0.0,0.3548387289047241,0.0,0.0,0.15321461856365204,0.0,0.0,0.23404255509376526,1.0,1.0,0.8857142925262451,0.10523947328329086,0.3019060790538788,0.38086768984794617,0.0,0.0,0.18292683362960815,0.6315789222717285,0.5416666865348816,0.5731707215309143,0.4920526444911957,0.5510131120681763,0.56470787525177,0.5263158082962036,0.8541666865348816,0.8170731663703918,0.6315789222717285,0.5416666865348816,0.5731707215309143,0.12805727124214172,0.6026479005813599,1.9582010507583618,2.688906192779541,0.529411792755127,0.5373134613037109,0.43609023094177246,0.5571428537368774,0.4927927851676941,0.453125,0.25545835494995117,0.2460593581199646,0.27666908502578735,0.08111053705215454,0.01748315431177616,0.17639100551605225,0.5,0.6868687272071838,0.607329785823822,0.5293591022491455,0.179712176322937,0.1690920740365982,0.1805548518896103,0.11769798398017883,-0.02727580815553665,-0.2256879359483719,0.4000000059604645,0.9189189076423645,0.90625,0.7142857313156128,0.06666667014360428,0.0,0.08193489909172058,0.2194613367319107,0.5761722326278687,0.4117647111415863,0.447761207818985,0.4887218177318573,0.5,0.5,0.47101449966430664,0.531868577003479,0.30470991134643555,0.2948138117790222,0.38481849431991577,0.1326952576637268,0.1769784390926361,0.0,0.0,0.0,0.0,0.0,-0.16959013044834137,0.0,0.0,0.0,1.0,1.0,0.9420289993286133,0.045593708753585815,0.32024258375167847,0.34608569741249084,0.0,0.0,0.030075188726186752,0.5882353186607361,0.5522388219833374,0.48120301961898804,0.0,0.0,0.0,0.029770752415060997,0.0,0.0,0.0,2.4992847442626953,0.49229875206947327,0.5332900881767273,0.6124812364578247,0.15187355875968933,1.0480953454971313,1.327705979347229,2.527674913406372,0.02869129553437233,0.1989874392747879,0.3443889915943146,0.5720677375793457,0.3529411852359772,0.9253731369972229,0.9548872113227844,0.029770752415060997,0.08193489909172058,0.2194613367319107,0.5761722326278687,0.8775684833526611,0.5882353186607361,0.5522388219833374,0.48120301961898804,0.3808785080909729,0.6707823872566223
23,0.5137554407119751,0.16604532301425934,0.17254935204982758,0.17516079545021057,0.08681026846170425,0.25396955013275146,0.7974109649658203,0.0,0.0,0.0,0.02976733259856701,0.0,0.0,0.0,3.1830780506134033,0.36042463779449463,1.1722491979599,1.5971380472183228,3.1298117637634277,0.04411434754729271,0.3232857584953308,0.6007255911827087,0.9681257009506226,0.02976733259856701,0.6875,0.4385964870452881,0.5180723071098328,0.6875,0.4611111283302307,0.5150987505912781,0.22269217669963837,0.25133776664733887,0.2554440200328827,0.21827885508537292,0.13168658316135406,0.0768933966755867,0.6666666865348816,0.5999999642372131,0.6153846383094788,0.37796446681022644,-0.15203027427196503,0.034728121012449265,0.625,0.8888888955116272,0.761904776096344,0.75,0.03333333507180214,0.26829269528388977,0.5,0.5263158082962036,0.5542168617248535,0.5,0.5,0.5592334866523743,0.39489465951919556,0.2744826078414917,0.2784750759601593,0.4068402051925659,0.2501841187477112,0.2017042338848114,0.0,0.0,0.2448979765176773,0.0,0.0,0.2131364792585373,0.0,0.0,0.1428571492433548,1.0,1.0,0.9756097793579102,0.09315983951091766,0.2871399521827698,0.3525126278400421,0.0,0.0,0.08433734625577927,0.5,0.4736842215061188,0.5060241222381592,0.4692211151123047,0.5521315932273865,0.5619499683380127,0.4375,0.9298245906829834,0.7469879388809204,0.5,0.4736842215061188,0.5060241222381592,0.08681026846170425,0.25396955013275146,0.7974109649658203,1.138190746307373,0.47058823704719543,0.5671641826629639,0.4436090290546417,0.485714316368103,0.5198198556900024,0.4598052501678467,0.2560284435749054,0.24551548063755035,0.27363088726997375,0.12220504134893417,0.030714979395270348,0.15510310232639313,0.47058823704719543,0.712871253490448,0.6063829660415649,0.5275760293006897,0.1789800077676773,0.16844649612903595,0.18014951050281525,-0.02857142873108387,0.09531046450138092,-0.15991224348545074,0.4000000059604645,0.9729729890823364,0.890625,0.5714285969734192,0.06666667014360428,0.028985507786273956,0.08504952490329742,0.2196672111749649,0.5612584352493286,0.4117647111415863,0.447761207818985,0.4661654233932495,0.5,0.5,0.4492753744125366,0.5407543778419495,0.3071132004261017,0.29822584986686707,0.3908989727497101,0.13677045702934265,0.17850209772586823,0.0,0.0,0.0,0.0,0.0,-0.22700174152851105,0.0,0.0,0.0,1.0,1.0,0.8985507488250732,0.03778627887368202,0.31616008281707764,0.3451250493526459,0.0,0.0,0.05263157933950424,0.5882353186607361,0.5522388219833374,0.48120301961898804,0.0,0.0,0.0,0.029766201972961426,0.0,0.0,0.0,2.505854368209839,0.5009950399398804,0.5364491939544678,0.5987122058868408,0.15341104567050934,1.0483050346374512,1.3363555669784546,2.538071632385254,0.029091252014040947,0.19858892261981964,0.3529861271381378,0.5806663036346436,0.4117647111415863,0.9552238583564758,0.932330846786499,0.029766201972961426,0.08504952490329742,0.2196672111749649,0.5612584352493286,0.8659751415252686,0.5882353186607361,0.5522388219833374,0.48120301961898804,0.380781352519989,0.6085789799690247
24,0.5177141427993774,0.18745827674865723,0.16208313405513763,0.1681727170944214,0.11144693195819855,0.28837326169013977,0.6720479726791382,0.0,0.0,0.0,0.02976273186504841,0.0,0.0,0.0,3.272617816925049,0.2938597500324249,1.1035066843032837,1.852455496788025,3.249821901321411,0.03756861761212349,0.2706209421157837,0.7232977151870728,1.031487226486206,0.02976273186504841,0.4000000059604645,0.6041666865348816,0.5199999809265137,0.5113636255264282,0.5055555701255798,0.5227595567703247,0.26758402585983276,0.2389651983976364,0.24152597784996033,0.16634517908096313,0.0758064016699791,0.09629960358142853,0.40000003576278687,0.7397260665893555,0.6000000238418579,0.022727273404598236,0.017609018832445145,0.04998480901122093,0.27272728085517883,0.8999999761581421,0.7297297120094299,0.75,0.1111111119389534,0.31578946113586426,0.2666666805744171,0.375,0.5333333611488342,0.5,0.5,0.5277382731437683,0.6469658017158508,0.3585693836212158,0.26416465640068054,0.24461889266967773,0.12093126773834229,0.19327645003795624,0.0,0.0,0.1860465109348297,0.0,0.0,0.10223550349473953,0.0,0.0,0.10810811072587967,1.0,1.0,0.9473684430122375,0.0629124566912651,0.27450886368751526,0.3578827381134033,0.0,0.0,0.07999999821186066,0.7333333492279053,0.625,0.4933333396911621,0.4548419415950775,0.5460266470909119,0.5491712689399719,0.2666666805744171,0.8958333134651184,0.7066666483879089,0.7333333492279053,0.625,0.4933333396911621,0.11144693195819855,0.28837326169013977,0.6720479726791382,1.0718681812286377,0.47058823704719543,0.5820895433425903,0.43609023094177246,0.485714316368103,0.5396396517753601,0.45142662525177,0.25892388820648193,0.24483370780944824,0.27095767855644226,0.11565196514129639,0.0502949096262455,0.1515127569437027,0.47058823704719543,0.7142857313156128,0.5945945978164673,0.5299590826034546,0.1816927194595337,0.16860269010066986,0.17966368794441223,-0.02857142873108387,0.13806405663490295,-0.16941796243190765,0.4000000059604645,0.9459459185600281,0.859375,0.5714285969734192,0.13333334028720856,0.043478261679410934,0.08867984265089035,0.22338111698627472,0.576126754283905,0.4117647111415863,0.447761207818985,0.49624061584472656,0.5,0.5,0.47826087474823,0.548187255859375,0.31785252690315247,0.3003441393375397,0.3956992030143738,0.1522146761417389,0.18643522262573242,0.0,0.0,0.0,0.0,0.0,-0.14630338549613953,0.0,0.0,0.0,1.0,1.0,0.95652174949646,0.031095873564481735,0.2955465316772461,0.33314740657806396,0.0,0.0,0.02255639061331749,0.5882353186607361,0.5522388219833374,0.48120301961898804,0.0,0.0,0.0,0.029761534184217453,0.0,0.0,0.0,2.499720335006714,0.4952698349952698,0.5317946672439575,0.587602972984314,0.15832209587097168,1.035968542098999,1.3321526050567627,2.5264432430267334,0.029653489589691162,0.19631929695606232,0.3487898111343384,0.5747625827789307,0.4117647111415863,0.9104477763175964,0.9097744226455688,0.029761534184217453,0.08867984265089035,0.22338111698627472,0.576126754283905,0.8881877064704895,0.5882353186607361,0.5522388219833374,0.48120301961898804,0.3751790523529053,0.5245674848556519
25,0.4777531623840332,0.15135560929775238,0.1643286794424057,0.16206887364387512,0.1546928882598877,0.72945237159729,1.9429208040237427,0.0,0.0,0.0,0.029757963493466377,0.0,0.0,0.0,3.392625093460083,0.29653993248939514,1.1488031148910522,1.4496471881866455,2.8949902057647705,0.04085903242230415,0.2973305881023407,0.4548119306564331,0.7930015325546265,0.029757963493466377,0.7142857313156128,0.5957446694374084,0.6625000238418579,0.7333333492279053,0.5314815044403076,0.6100000143051147,0.20448192954063416,0.2416563183069229,0.23654775321483612,0.35931360721588135,0.04250301420688629,0.1882823258638382,0.75,0.7323943376541138,0.7522935271263123,0.44721361994743347,0.127348855137825,0.24206537008285522,0.6666666865348816,0.9629629850387573,0.8199999928474426,0.800000011920929,0.10000000149011612,0.4000000059604645,0.3571428656578064,0.42553192377090454,0.4749999940395355,0.5,0.5,0.5733333230018616,0.44961658120155334,0.3322949707508087,0.29419201612472534,0.40587669610977173,0.1911616325378418,0.18523019552230835,0.0,0.0,0.30000001192092896,0.0,0.0,0.21469800174236298,0.0,0.0,0.18000000715255737,1.0,1.0,0.9666666388511658,0.12733562290668488,0.28701186180114746,0.3705478310585022,0.0,0.0,0.125,0.6428571343421936,0.5744680762290955,0.625,0.4934535622596741,0.5532416701316833,0.5514615178108215,0.5,0.936170220375061,0.737500011920929,0.6428571343421936,0.5744680762290955,0.625,0.1546928882598877,0.72945237159729,1.9429208040237427,2.827065944671631,0.3529411852359772,0.5970149040222168,0.43609023094177246,0.34285715222358704,0.5626125931739807,0.4519927501678467,0.2586289644241333,0.24485750496387482,0.2729223668575287,0.23592840135097504,0.06992746889591217,0.15723168849945068,0.42105263471603394,0.7096774578094482,0.5989304780960083,0.5302379727363586,0.18091608583927155,0.16914182901382446,0.18018005788326263,-0.30988988280296326,0.16809815168380737,-0.18192768096923828,0.4000000059604645,0.8918918967247009,0.875,0.2857142984867096,0.23333333432674408,0.028985507786273956,0.06938698887825012,0.22564691305160522,0.5601922869682312,0.4117647111415863,0.447761207818985,0.48120301961898804,0.5,0.5,0.4637681245803833,0.5245733857154846,0.31808799505233765,0.29876184463500977,0.3953201472759247,0.15275366604328156,0.178155779838562,0.0,0.0,0.0,0.0,0.0,-0.19034674763679504,0.0,0.0,0.0,1.0,1.0,0.9275362491607666,0.053107015788555145,0.29500752687454224,0.34465381503105164,0.0,0.0,0.03759398311376572,0.5882353186607361,0.5522388219833374,0.48120301961898804,0.0,0.0,0.0,0.02975688874721527,0.0,0.0,0.0,2.4830482006073,0.5001539587974548,0.5270875096321106,0.5933219790458679,0.1161956787109375,1.0370391607284546,1.3475589752197266,2.500793933868408,0.026754090562462807,0.19678562879562378,0.35587066411972046,0.5794103741645813,0.529411792755127,0.8358209133148193,0.9248120188713074,0.02975688874721527,0.06938698887825012,0.22564691305160522,0.5601922869682312,0.8552261590957642,0.5882353186607361,0.5522388219833374,0.48120301961898804,0.37365978956222534,0.5970775485038757
26,0.49904096126556396,0.17329607903957367,0.16990509629249573,0.15583978593349457,0.13451887667179108,0.9196749925613403,1.8898860216140747,0.0,0.0,0.0,0.029753653332591057,0.0,0.0,0.0,3.6737000942230225,0.3658555746078491,1.1506465673446655,1.6167124509811401,3.1332144737243652,0.0465216264128685,0.3051644563674927,0.5741956830024719,0.9258817434310913,0.029753653332591057,0.6666666865348816,0.5098039507865906,0.654321014881134,0.6571428775787354,0.4193548262119293,0.5912903547286987,0.23511265218257904,0.2531275749206543,0.2247791290283203,0.22432945668697357,0.07945771515369415,0.08916331827640533,0.6000000238418579,0.6753246188163757,0.7543859481811523,0.3142857253551483,-0.2648135721683502,0.21792453527450562,0.6000000238418579,0.8387096524238586,0.8600000143051147,0.7142857313156128,0.0,0.32258063554763794,0.5833333134651184,0.3921568691730499,0.4938271641731262,0.5,0.5,0.5777419209480286,0.31984660029411316,0.32569241523742676,0.2692583203315735,0.48581528663635254,0.23974207043647766,0.1287260502576828,0.0,0.0,0.3492063283920288,0.0,0.0,0.2058851569890976,0.0,0.0,0.2199999988079071,1.0,1.0,0.9354838728904724,0.09751805663108826,0.29626956582069397,0.3946022093296051,0.0,0.0,0.16049382090568542,0.4166666567325592,0.6078431606292725,0.6172839403152466,0.4876401424407959,0.5451096892356873,0.5651576519012451,0.4166666567325592,0.9019607901573181,0.790123462677002,0.4166666567325592,0.6078431606292725,0.6172839403152466,0.13451887667179108,0.9196749925613403,1.8898860216140747,2.944079875946045,0.4117647111415863,0.5970149040222168,0.43609023094177246,0.37142857909202576,0.5626125931739807,0.453125,0.2574142813682556,0.24534334242343903,0.27925148606300354,0.18521781265735626,0.06969179213047028,0.17865362763404846,0.5454545617103577,0.7096774578094482,0.607329785823822,0.5298795104026794,0.17866010963916779,0.16936743259429932,0.18185196816921234,-0.2777460217475891,0.16809815168380737,-0.2256879359483719,0.6000000238418579,0.8918918967247009,0.90625,0.1428571492433548,0.23333333432674408,0.0,0.07651428133249283,0.22212788462638855,0.5236110687255859,0.4117647111415863,0.447761207818985,0.43609023094177246,0.5,0.5,0.4225543439388275,0.5342001914978027,0.30965331196784973,0.2980128228664398,0.4008970558643341,0.14237697422504425,0.15553034842014313,0.0,0.0,0.09638553112745285,0.0,0.0,-0.22116293013095856,0.0,0.0,0.0625,1.0,1.0,0.782608687877655,0.043232448399066925,0.310696005821228,0.37324318289756775,0.0,0.0,0.1428571492433548,0.5882353186607361,0.5522388219833374,0.48120301961898804,0.0,0.0,0.0,0.029752520844340324,0.0,0.0,0.0,2.5150864124298096,0.5116083025932312,0.5273231267929077,0.6147438287734985,0.12680432200431824,1.0399525165557861,1.3690227270126343,2.5357794761657715,0.02751208283007145,0.19814153015613556,0.37774762511253357,0.603401243686676,0.7058823704719543,0.8358209133148193,0.9548872113227844,0.029752520844340324,0.07651428133249283,0.22212788462638855,0.5236110687255859,0.8222532272338867,0.5882353186607361,0.5522388219833374,0.48120301961898804,0.3836144804954529,0.5888980627059937
27,0.49222326278686523,0.17190021276474,0.1652497798204422,0.15507328510284424,0.15255801379680634,0.47208428382873535,1.004772663116455,0.0,0.0,0.0,0.029749039560556412,0.0,0.0,0.0,3.1071741580963135,0.39262673258781433,1.1818519830703735,1.4379826784133911,3.0124614238739014,0.05378967523574829,0.32483816146850586,0.4309013783931732,0.809529185295105,0.029749039560556412,0.5333333611488342,0.5416666865348816,0.6212121248245239,0.5277777910232544,0.5034964680671692,0.5913326740264893,0.23526661098003387,0.2394459992647171,0.22158153355121613,0.177089124917984,0.06747995316982269,0.07464009523391724,0.4615384638309479,0.6944444179534912,0.7126436233520508,0.054554469883441925,0.01743685081601143,0.21154911816120148,0.5,0.9615384340286255,0.837837815284729,0.5555555820465088,0.04545454680919647,0.3448275923728943,0.6000000238418579,0.4583333432674408,0.5909090638160706,0.5,0.5,0.6276794075965881,0.3045496642589569,0.3046816289424896,0.23158547282218933,0.5299181342124939,0.21489383280277252,0.25009316205978394,0.0,0.0,0.47058823704719543,0.0,0.0,0.3100166320800781,0.0,0.0,0.3243243098258972,1.0,1.0,0.931034505367279,0.11348775774240494,0.29617393016815186,0.3964196741580963,0.0,0.0,0.21212121844291687,0.4000000059604645,0.5416666865348816,0.560606062412262,0.5089454054832458,0.5436779856681824,0.5643701553344727,0.46666666865348816,0.9583333134651184,0.7575757503509521,0.4000000059604645,0.5416666865348816,0.560606062412262,0.15255801379680634,0.47208428382873535,1.004772663116455,1.6294150352478027,0.3529411852359772,0.5970149040222168,0.4436090290546417,0.3642857074737549,0.5626125931739807,0.46037137508392334,0.258497029542923,0.24522605538368225,0.27974316477775574,0.2291603535413742,0.07174713909626007,0.16502688825130463,0.35294121503829956,0.7096774578094482,0.6105262637138367,0.5340354442596436,0.1818612515926361,0.1695244312286377,0.18264977633953094,-0.27142858505249023,0.16809815168380737,-0.17734511196613312,0.30000001192092896,0.8918918967247009,0.90625,0.4285714328289032,0.23333333432674408,0.014492753893136978,0.07995682209730148,0.2254098653793335,0.5693081617355347,0.4117647111415863,0.447761207818985,0.48120301961898804,0.5,0.5,0.4637681245803833,0.545048713684082,0.3137589693069458,0.30339884757995605,0.39427614212036133,0.1532384157180786,0.18605101108551025,0.0,0.0,0.0,0.0,0.0,-0.19034674763679504,0.0,0.0,0.0,1.0,1.0,0.9275362491607666,0.033770594745874405,0.3050527572631836,0.3397703468799591,0.0,0.0,0.03759398311376572,0.5882353186607361,0.5522388219833374,0.48120301961898804,0.0,0.0,0.0,0.029747845605015755,0.0,0.0,0.0,2.5067975521087646,0.4936448335647583,0.5252678394317627,0.6086359024047852,0.1223691776394844,1.0330754518508911,1.350954532623291,2.506399154663086,0.02781892754137516,0.1986519992351532,0.36242321133613586,0.5888941287994385,0.4117647111415863,0.8358209133148193,0.9473684430122375,0.029747845605015755,0.07995682209730148,0.2254098653793335,0.5693081617355347,0.8746748566627502,0.5882353186607361,0.5522388219833374,0.48120301961898804,0.3801478445529938,0.6540483832359314
28,0.5114383101463318,0.17259390652179718,0.17119675874710083,0.16764765977859497,0.10530295222997665,0.7074834108352661,1.7857613563537598,0.0,0.0,0.0,0.02974429540336132,0.0,0.0,0.0,3.813945770263672,0.2861166000366211,1.2142084836959839,1.8518011569976807,3.352126121520996,0.047966938465833664,0.34017646312713623,0.6895968317985535,1.07774019241333,0.02974429540336132,0.625,0.5,0.5487805008888245,0.5128205418586731,0.4610389471054077,0.5741626620292664,0.25621357560157776,0.250165730714798,0.24167437851428986,0.22248956561088562,0.03908389061689377,0.1490200310945511,0.75,0.6376811265945435,0.6542056202888489,0.0215916745364666,-0.1006787121295929,0.20250572264194489,0.692307710647583,0.7857142686843872,0.9210526347160339,0.3333333432674408,0.13636364042758942,0.22727273404598236,0.1875,0.4399999976158142,0.6707317233085632,0.5,0.5,0.6465311050415039,0.6676900386810303,0.31922537088394165,0.214995875954628,0.1774606704711914,0.18658776581287384,0.31295883655548096,0.0,0.0,0.4705882668495178,0.0,0.0,0.400112122297287,0.0,0.0,0.31578946113586426,1.0,1.0,0.9772727489471436,0.09740890562534332,0.2920343279838562,0.3614988625049591,0.0,0.0,0.15853658318519592,0.8125,0.5600000023841858,0.46341463923454285,0.5291483998298645,0.5330163240432739,0.5720691084861755,0.6875,0.8199999928474426,0.8414633870124817,0.8125,0.5600000023841858,0.46341463923454285,0.10530295222997665,0.7074834108352661,1.7857613563537598,2.5985476970672607,0.47058823704719543,0.5820895433425903,0.4436090290546417,0.485714316368103,0.5522522330284119,0.46037137508392334,0.2596159279346466,0.24552877247333527,0.28227487206459045,0.11013849079608917,0.06073322147130966,0.16908448934555054,0.47058823704719543,0.6888888478279114,0.6105262637138367,0.5368125438690186,0.18291816115379333,0.17013277113437653,0.1837615668773651,-0.02857142873108387,0.1278187334537506,-0.17734511196613312,0.4000000059604645,0.837837815284729,0.90625,0.5714285969734192,0.2666666805744171,0.014492753893136978,0.07411538809537888,0.22518256306648254,0.5627800226211548,0.4117647111415863,0.447761207818985,0.4661654233932495,0.5,0.5,0.4498414993286133,0.536999523639679,0.31533312797546387,0.3038100004196167,0.4029318690299988,0.15661634504795074,0.1795373260974884,0.0,0.0,0.027397258207201958,0.0,0.0,-0.19955246150493622,0.0,0.0,0.015625,1.0,1.0,0.8840579986572266,0.04138258099555969,0.30111876130104065,0.347714364528656,0.0,0.0,0.06766917556524277,0.5882353186607361,0.5522388219833374,0.48120301961898804,0.0,0.0,0.0,0.029743146151304245,0.0,0.0,0.0,2.5053868293762207,0.4905679225921631,0.5213564038276672,0.6126935482025146,0.10978260636329651,1.0277292728424072,1.3581161499023438,2.4956278800964355,0.0269844438880682,0.19820234179496765,0.36948055028915405,0.5946673154830933,0.4117647111415863,0.7910447716712952,0.9473684430122375,0.029743146151304245,0.07411538809537888,0.22518256306648254,0.5627800226211548,0.8620779514312744,0.5882353186607361,0.5522388219833374,0.48120301961898804,0.37754809856414795,0.6903713941574097
29,0.48492035269737244,0.16441327333450317,0.16867400705814362,0.15183308720588684,0.10313001275062561,0.4156859517097473,0.9792438745498657,0.0,0.0,0.0,0.02973959967494011,0.0,0.0,0.0,3.5361266136169434,0.33752724528312683,1.3496469259262085,1.722868800163269,3.4100430011749268,0.04963206872344017,0.43395721912384033,0.6466174721717834,1.130206823348999,0.02973959967494011,0.5555555820465088,0.6153846383094788,0.6071428656578064,0.6000000238418579,0.5696969628334045,0.5144230723381042,0.24304696917533875,0.24406267702579498,0.21705670654773712,0.2568262219429016,0.09580966085195541,0.08362089842557907,0.6666666865348816,0.7222222685813904,0.7401574850082397,0.14907118678092957,0.1747395396232605,0.04529108107089996,0.5333333611488342,0.8666666746139526,0.9038461446762085,0.6666666865348816,0.27272728085517883,0.125,0.1666666716337204,0.42307692766189575,0.5357142686843872,0.5,0.5,0.6009615659713745,0.6543983817100525,0.31354019045829773,0.2613094449043274,0.14247573912143707,0.17190469801425934,0.19733184576034546,0.0,0.0,0.4657534062862396,0.0,0.0,0.226455420255661,0.0,0.0,0.32692307233810425,1.0,1.0,0.875,0.11479882150888443,0.30297163128852844,0.39854690432548523,0.0,0.0,0.25,0.8333333134651184,0.5769230723381042,0.6190476417541504,0.5156018733978271,0.5316860675811768,0.5985374450683594,0.5,0.807692289352417,0.8928571343421936,0.8333333134651184,0.5769230723381042,0.6190476417541504,0.10313001275062561,0.4156859517097473,0.9792438745498657,1.498059868812561,0.4117647111415863,0.611940324306488,0.43609023094177246,0.41428571939468384,0.5855855941772461,0.453125,0.2593347132205963,0.24560165405273438,0.2850513458251953,0.17998060584068298,0.09568727761507034,0.18410181999206543,0.444444477558136,0.7045454978942871,0.607329785823822,0.5365331172943115,0.18094870448112488,0.17078645527362823,0.1847979724407196,-0.16903084516525269,0.19963976740837097,-0.2256879359483719,0.4000000059604645,0.837837815284729,0.90625,0.4285714328289032,0.3333333432674408,0.0,0.06702456623315811,0.22331787645816803,0.5372203588485718,0.4117647111415863,0.447761207818985,0.4285714328289032,0.5,0.5,0.41587409377098083,0.521206796169281,0.31469306349754333,0.30216407775878906,0.3954644203186035,0.1567116677761078,0.16991986334323883,0.0,0.0,0.11627905815839767,0.0,0.0,-0.22625669836997986,0.0,0.0,0.078125,1.0,1.0,0.7536231875419617,0.05710068345069885,0.30070945620536804,0.3724272847175598,0.0,0.0,0.1654135286808014,0.5882353186607361,0.5522388219833374,0.48120301961898804,0.0,0.0,0.0,0.02973846346139908,0.0,0.0,0.0,2.5183489322662354,0.5035544633865356,0.5162530541419983,0.6201919913291931,0.11312515288591385,1.025266170501709,1.3767085075378418,2.5151000022888184,0.026677614077925682,0.1981056183576584,0.38569286465644836,0.6104760766029358,0.47058823704719543,0.7611940503120422,0.9548872113227844,0.02973846346139908,0.06702456623315811,0.22331787645816803,0.5372203588485718,0.8275628089904785,0.5882353186607361,0.5522388219833374,0.48120301961898804,0.3746836483478546,0.8806520700454712
30,0.5045420527458191,0.16778993606567383,0.16697123646736145,0.1697808802127838,0.09412108361721039,0.37256327271461487,0.9785277247428894,0.0,0.0,0.0,0.029735011979937553,0.0,0.0,0.0,3.070143699645996,0.20234797894954681,1.1004459857940674,1.549980878829956,2.8527748584747314,0.03868135064840317,0.2989063560962677,0.5467532873153687,0.8843410015106201,0.029735011979937553,0.692307710647583,0.625,0.5256410241127014,0.7777777910232544,0.603225827217102,0.5059523582458496,0.23051847517490387,0.23887702822685242,0.2469480037689209,0.25347885489463806,0.1115248054265976,0.06546671688556671,0.7142857313156128,0.7042253613471985,0.6336634159088135,0.527046263217926,0.2271847426891327,0.013825912959873676,0.5555555820465088,0.8064516186714172,0.761904776096344,1.0,0.4000000059604645,0.25,0.3076923191547394,0.4642857015132904,0.5769230723381042,0.5,0.5161290168762207,0.6031745672225952,0.5127837061882019,0.301955908536911,0.26530715823173523,0.2858239412307739,0.32405325770378113,0.2233847975730896,0.0,0.0625,0.4000000059604645,0.0,0.1210898756980896,0.2760262191295624,0.0,0.032258063554763794,0.261904776096344,1.0,1.0,0.9444444179534912,0.12971656024456024,0.27975183725357056,0.3676311671733856,0.0,0.01785714365541935,0.1666666716337204,0.692307710647583,0.5535714030265808,0.5384615659713745,0.5071669220924377,0.5266754031181335,0.5703403353691101,0.38461539149284363,0.7142857313156128,0.7564102411270142,0.692307710647583,0.5535714030265808,0.5384615659713745,0.09412108361721039,0.37256327271461487,0.9785277247428894,1.4452121257781982,0.29411765933036804,0.6268656849861145,0.43609023094177246,0.27142858505249023,0.6054053902626038,0.4502943754196167,0.2606576681137085,0.24426381289958954,0.2802932560443878,0.3005857467651367,0.11633867770433426,0.16509363055229187,0.40000003576278687,0.7058823704719543,0.5856353640556335,0.5359402298927307,0.1812794953584671,0.1707690805196762,0.1838916689157486,-0.4571428596973419,0.23257172107696533,-0.1526852548122406,0.4000000059604645,0.8108108043670654,0.828125,0.1428571492433548,0.4000000059604645,0.07246376574039459,0.07372362911701202,0.22661371529102325,0.5584880709648132,0.4117647111415863,0.447761207818985,0.4736842215061188,0.5,0.5,0.45822009444236755,0.5354028940200806,0.32332536578178406,0.30543139576911926,0.4019539952278137,0.16406060755252838,0.18253552913665771,0.0,0.0,0.07894736528396606,0.0,0.0,-0.1457231342792511,0.0,0.0,0.046875,1.0,1.0,0.8695651888847351,0.04254484176635742,0.2837006151676178,0.3529576063156128,0.0,0.0,0.09022556245326996,0.5882353186607361,0.5522388219833374,0.48120301961898804,0.0,0.0,0.0,0.029733872041106224,0.0,0.0,0.0,2.5085391998291016,0.5088396668434143,0.5105269551277161,0.6011838316917419,0.11360669136047363,1.0139224529266357,1.36502206325531,2.492551326751709,0.026968805119395256,0.19686640799045563,0.37899038195610046,0.6028255820274353,0.5882353186607361,0.7164179086685181,0.8796992301940918,0.029733872041106224,0.07372362911701202,0.22661371529102325,0.5584880709648132,0.8588254451751709,0.5882353186607361,0.5522388219833374,0.48120301961898804,0.36932146549224854,0.6109192371368408
31,0.520226240158081,0.18652980029582977,0.17502646148204803,0.15866996347904205,0.08876360207796097,0.26080581545829773,0.6958966851234436,0.0,0.0,0.0,0.02973029948771,0.0,0.0,0.0,2.738515615463257,0.25316914916038513,1.0338847637176514,1.4673324823379517,2.7543864250183105,0.03476935252547264,0.21592247486114502,0.4460616409778595,0.6967535018920898,0.02973029948771,0.5,0.4893617033958435,0.6399999856948853,0.5,0.48731881380081177,0.6071428656578064,0.26873642206192017,0.24954840540885925,0.22576306760311127,0.20164969563484192,0.021784519776701927,0.09966248273849487,0.5454545617103577,0.5384615659713745,0.7326732277870178,0.0,-0.02583465538918972,0.2596502900123596,0.5,0.5833333134651184,0.8809523582458496,0.5,0.3913043439388275,0.3333333432674408,0.4000000059604645,0.4893617033958435,0.5733333230018616,0.5,0.5,0.612554132938385,0.5161948204040527,0.3015552759170532,0.2583025097846985,0.3945847749710083,0.2875039279460907,0.2470155656337738,0.0,0.0,0.4285714328289032,0.0,0.0,0.2867768108844757,0.0,0.0,0.2857142984867096,1.0,1.0,0.939393937587738,0.06635232269763947,0.262362003326416,0.3569870591163635,0.0,0.0,0.18666666746139526,0.6000000238418579,0.5106382966041565,0.5600000023841858,0.5016489028930664,0.5111462473869324,0.5601506233215332,0.5,0.5957446694374084,0.7866666913032532,0.6000000238418579,0.5106382966041565,0.5600000023841858,0.08876360207796097,0.26080581545829773,0.6958966851234436,1.0454660654067993,0.4117647111415863,0.6268656849861145,0.4436090290546417,0.37142857909202576,0.6085585355758667,0.4569746255874634,0.26009219884872437,0.243607759475708,0.2802959382534027,0.188273087143898,0.11976270377635956,0.15539373457431793,0.5454545617103577,0.6987951993942261,0.5842697024345398,0.5352736115455627,0.18023407459259033,0.17084655165672302,0.18419300019741058,-0.2777460217475891,0.23273782432079315,-0.12286829203367233,0.6000000238418579,0.7837837934494019,0.8125,0.1428571492433548,0.4333333373069763,0.10144927352666855,0.07239892333745956,0.2258376181125641,0.5471604466438293,0.4117647111415863,0.447761207818985,0.4436090290546417,0.5,0.5,0.42980071902275085,0.5316199064254761,0.32521089911460876,0.30686789751052856,0.3996102511882782,0.17594198882579803,0.17990149557590485,0.0,0.0,0.09756097197532654,0.0,0.0,-0.20506520569324493,0.0,0.0,0.0625,1.0,1.0,0.7971014380455017,0.04587049409747124,0.28019100427627563,0.35767239332199097,0.0,0.0,0.13533835113048553,0.5882353186607361,0.5522388219833374,0.48120301961898804,0.0,0.0,0.0,0.029729090631008148,0.0,0.0,0.0,2.518268585205078,0.5148830413818359,0.5071030259132385,0.5990027785301208,0.11589162796735764,1.01308012008667,1.3759840726852417,2.504955768585205,0.026872260496020317,0.1971282958984375,0.388068288564682,0.6120688319206238,0.7058823704719543,0.6865671873092651,0.8571428656578064,0.029729090631008148,0.07239892333745956,0.2258376181125641,0.5471604466438293,0.8453969955444336,0.5882353186607361,0.5522388219833374,0.48120301961898804,0.3689813017845154,0.42033547163009644
32,0.48485344648361206,0.15063194930553436,0.1701032817363739,0.1641182154417038,0.10110633075237274,0.5226932168006897,1.1673088073730469,0.0,0.0,0.0,0.02972537651658058,0.0,0.0,0.0,3.595064878463745,0.23396821320056915,1.2999235391616821,1.8414660692214966,3.3753578662872314,0.03806864842772484,0.37316691875457764,0.7074984312057495,1.1187340021133423,0.02972537651658058,0.8333333134651184,0.5344827771186829,0.5657894611358643,0.875,0.5167263746261597,0.5473867654800415,0.2080966830253601,0.24448300898075104,0.23511093854904175,0.33052876591682434,0.012259493581950665,0.10990319401025772,0.8571428656578064,0.64000004529953,0.6597938537597656,0.7071067690849304,0.03899464011192322,0.10727633535861969,0.75,0.774193525314331,0.7804877758026123,1.0,0.25925925374031067,0.3142857253551483,0.3333333432674408,0.4655172526836395,0.5657894611358643,0.5,0.5,0.591289222240448,0.5181625485420227,0.29378512501716614,0.25299742817878723,0.23227299749851227,0.2373635172843933,0.26104313135147095,0.0,0.0,0.4000000059604645,0.0,0.0,0.23475532233715057,0.0,0.0,0.26829269528388977,1.0,1.0,0.9142857193946838,0.10106033831834793,0.2832784652709961,0.3597099483013153,0.0,0.0,0.18421052396297455,0.6666666865348816,0.5344827771186829,0.5394737124443054,0.5028045773506165,0.5262623429298401,0.5635031461715698,0.5,0.7586206793785095,0.7368420958518982,0.6666666865348816,0.5344827771186829,0.5394737124443054,0.10110633075237274,0.5226932168006897,1.1673088073730469,1.7911083698272705,0.47058823704719543,0.6268656849861145,0.4436090290546417,0.44285714626312256,0.6180180311203003,0.4569746255874634,0.2592162489891052,0.24348552525043488,0.28105512261390686,0.12648513913154602,0.12323856353759766,0.15545684099197388,0.5714285373687744,0.6753246784210205,0.5842697024345398,0.5361231565475464,0.18026992678642273,0.17119929194450378,0.18465392291545868,-0.11769798398017883,0.23929186165332794,-0.12286829203367233,0.6000000238418579,0.7027027010917664,0.8125,0.2857142984867096,0.5333333611488342,0.10144927352666855,0.07052309066057205,0.22849950194358826,0.551257848739624,0.4117647111415863,0.447761207818985,0.4436090290546417,0.5,0.5,0.42980071902275085,0.532855749130249,0.326518714427948,0.30794835090637207,0.3986244797706604,0.1777341067790985,0.18455341458320618,0.0,0.0,0.09756097197532654,0.0,0.0,-0.20506520569324493,0.0,0.0,0.0625,1.0,1.0,0.7971014380455017,0.045935358852148056,0.2783755362033844,0.3534108102321625,0.0,0.0,0.13533835113048553,0.5882353186607361,0.5522388219833374,0.48120301961898804,0.0,0.0,0.0,0.029724176973104477,0.0,0.0,0.0,2.523038864135742,0.511380672454834,0.5036271810531616,0.599065899848938,0.11505832523107529,1.0133825540542603,1.381259560585022,2.509700298309326,0.026754392310976982,0.19741034507751465,0.3894543945789337,0.6136191487312317,0.6470588445663452,0.5970149040222168,0.8571428656578064,0.029724176973104477,0.07052309066057205,0.22849950194358826,0.551257848739624,0.8502804040908813,0.5882353186607361,0.5522388219833374,0.48120301961898804,0.369533509016037,0.8216274380683899
33,0.47554337978363037,0.14257805049419403,0.166241854429245,0.16672347486019135,0.0954442247748375,0.5763353705406189,1.0223056077957153,0.0,0.0,0.0,0.029720578342676163,0.0,0.0,0.0,3.114011764526367,0.22624662518501282,1.0455877780914307,1.612939476966858,2.8847737312316895,0.03932146728038788,0.238981232047081,0.5857867002487183,0.8640893697738647,0.029720578342676163,0.75,0.5535714030265808,0.5432098507881165,0.75,0.5487483739852905,0.5329670310020447,0.19347186386585236,0.2372443526983261,0.24047672748565674,0.23553913831710815,0.053930215537548065,0.10159463435411453,0.7999999523162842,0.6031745672225952,0.6476190686225891,0.47809141874313354,0.09617529809474945,0.07924288511276245,0.75,0.5757575631141663,0.8095238208770752,0.75,0.52173912525177,0.25641027092933655,0.3333333432674408,0.4285714328289032,0.6296296119689941,0.5,0.5151515007019043,0.6419414281845093,0.478705495595932,0.3158811628818512,0.22727243602275848,0.3853720724582672,0.27982741594314575,0.2995782792568207,0.0,0.05882353335618973,0.4642857015132904,0.0,0.11257076263427734,0.3751410245895386,0.0,0.03030303120613098,0.3095238208770752,1.0,1.0,0.9743589758872986,0.11902368068695068,0.2768416702747345,0.3828960359096527,0.0,0.01785714365541935,0.17283950746059418,0.6666666865348816,0.5892857313156128,0.5185185074806213,0.5144608616828918,0.5154426693916321,0.578072726726532,0.5833333134651184,0.5357142686843872,0.7777777910232544,0.6666666865348816,0.5892857313156128,0.5185185074806213,0.0954442247748375,0.5763353705406189,1.0223056077957153,1.6940851211547852,0.4117647111415863,0.5970149040222168,0.451127827167511,0.37142857909202576,0.6036036014556885,0.4647871255874634,0.2578362226486206,0.24372906982898712,0.2828437089920044,0.18757566809654236,0.10066685825586319,0.15328046679496765,0.5454545617103577,0.5970149040222168,0.5921787619590759,0.536325216293335,0.17892427742481232,0.17223431169986725,0.1851666271686554,-0.2777460217475891,0.20720721781253815,-0.1028633564710617,0.6000000238418579,0.5405405163764954,0.828125,0.1428571492433548,0.6666666865348816,0.10144927352666855,0.08045986294746399,0.23119810223579407,0.5617059469223022,0.4117647111415863,0.447761207818985,0.4436090290546417,0.5,0.5,0.4292345941066742,0.548346757888794,0.3279074430465698,0.30706384778022766,0.39349666237831116,0.1822926104068756,0.18676427006721497,0.0,0.0,0.07499999552965164,0.0,0.0,-0.2173764854669571,0.0,0.0,0.046875,1.0,1.0,0.8115941882133484,0.0315517820417881,0.2736867368221283,0.3509790599346161,0.0,0.0,0.12030075490474701,0.5882353186607361,0.5522388219833374,0.48120301961898804,0.0,0.0,0.0,0.02971940115094185,0.0,0.0,0.0,2.5318892002105713,0.5156170129776001,0.4963480830192566,0.6044082641601562,0.13279420137405396,1.0073765516281128,1.3815114498138428,2.5216822624206543,0.02798367105424404,0.19570067524909973,0.3859332501888275,0.6096175909042358,0.7058823704719543,0.447761207818985,0.8646616339683533,0.02971940115094185,0.08045986294746399,0.23119810223579407,0.5617059469223022,0.8733639121055603,0.5882353186607361,0.5522388219833374,0.48120301961898804,0.37083959579467773,0.5235836505889893
34,0.5067163705825806,0.1863112449645996,0.16649001836776733,0.15391507744789124,0.13194574415683746,1.056766390800476,1.9839138984680176,0.0,0.0,0.0,0.029715752229094505,0.0,0.0,0.0,4.001751899719238,0.24329610168933868,1.204993724822998,1.8259109258651733,3.274200916290283,0.034709781408309937,0.381121963262558,0.7174866199493408,1.1333184242248535,0.029715752229094505,0.5384615659713745,0.557692289352417,0.5844155550003052,0.5972222089767456,0.546875,0.5469845533370972,0.26426219940185547,0.24034148454666138,0.21857169270515442,0.11098045110702515,0.07609180361032486,0.09806600958108902,0.5714285373687744,0.6229508519172668,0.6799999475479126,0.1844661980867386,0.09183291345834732,0.10068951547145844,0.4444444477558136,0.59375,0.739130437374115,0.75,0.5,0.35483869910240173,0.3076923191547394,0.38461539149284363,0.4935064911842346,0.5,0.5,0.5655680298805237,0.5477452874183655,0.3430863916873932,0.29934045672416687,0.28684675693511963,0.142669677734375,0.222368985414505,0.0,0.0,0.31578946113586426,0.0,0.0,0.18378645181655884,0.0,0.0,0.19565217196941376,1.0,1.0,0.9354838728904724,0.09873457252979279,0.28360098600387573,0.34799039363861084,0.0,0.0,0.1428571492433548,0.692307710647583,0.6153846383094788,0.5974025726318359,0.4745466113090515,0.5177565217018127,0.5712664723396301,0.38461539149284363,0.557692289352417,0.701298713684082,0.692307710647583,0.6153846383094788,0.5974025726318359,0.13194574415683746,1.056766390800476,1.9839138984680176,3.17262601852417,0.4117647111415863,0.5373134613037109,0.45864662528038025,0.37142857909202576,0.5495495796203613,0.47429800033569336,0.2572263777256012,0.24395999312400818,0.28494682908058167,0.1952141672372818,0.046443402767181396,0.153195321559906,0.5454545617103577,0.5079364776611328,0.6129031777381897,0.5363112688064575,0.17738288640975952,0.17306280136108398,0.18586556613445282,-0.2777460217475891,0.1011236235499382,-0.09324704110622406,0.6000000238418579,0.4324324429035187,0.890625,0.1428571492433548,0.6666666865348816,0.05797101557254791,0.07119258493185043,0.2306973785161972,0.5474637746810913,0.4117647111415863,0.447761207818985,0.4285714328289032,0.5,0.5,0.4153079688549042,0.5342497825622559,0.3282052278518677,0.3061791658401489,0.3980203866958618,0.20178496837615967,0.1790350079536438,0.0,0.0,0.0952380895614624,0.0,0.0,-0.23677337169647217,0.0,0.0,0.0625,1.0,1.0,0.7681159377098083,0.04481392726302147,0.27202296257019043,0.36947759985923767,0.0,0.0,0.15037593245506287,0.5882353186607361,0.5522388219833374,0.48120301961898804,0.0,0.0,0.0,0.02971460297703743,0.0,0.0,0.0,2.530649185180664,0.5256509780883789,0.49087005853652954,0.6118419170379639,0.12054676562547684,1.0013890266418457,1.389329433441162,2.511265277862549,0.02705707587301731,0.1947498321533203,0.39792582392692566,0.6197327375411987,0.7058823704719543,0.38805970549583435,0.9172932505607605,0.02971460297703743,0.07119258493185043,0.2306973785161972,0.5474637746810913,0.8493537306785583,0.5882353186607361,0.5522388219833374,0.48120301961898804,0.37201356887817383,0.7652139067649841
35,0.475824773311615,0.16307403147220612,0.1661858856678009,0.14656484127044678,0.11026795953512192,0.4392065405845642,1.1272358894348145,0.0,0.0,0.0,0.029711151495575905,0.0,0.0,0.0,3.0591719150543213,0.3808850347995758,1.0799726247787476,1.4504348039627075,2.911292552947998,0.05472155287861824,0.2823694050312042,0.4684699475765228,0.8055609464645386,0.029711151495575905,0.5882353186607361,0.5964912176132202,0.7195122241973877,0.5972222089767456,0.6125320196151733,0.6519230604171753,0.2303217053413391,0.23573344945907593,0.20736245810985565,0.17727811634540558,0.08446026593446732,0.13676314055919647,0.6315789818763733,0.610169529914856,0.8034188151359558,0.2030905932188034,0.22251757979393005,0.36102303862571716,0.75,0.529411792755127,0.9038461446762085,0.4444444477558136,0.695652186870575,0.4000000059604645,0.5882353186607361,0.4385964870452881,0.5975610017776489,0.5625,0.529411792755127,0.66858971118927,0.29923558235168457,0.30592164397239685,0.2257338911294937,0.5087356567382812,0.252035915851593,0.246904194355011,0.2222222238779068,0.1111111044883728,0.5600000023841858,0.2651650309562683,0.1568404585123062,0.36152100563049316,0.125,0.05882352963089943,0.4038461446762085,1.0,1.0,0.9333333373069763,0.16686822474002838,0.30003198981285095,0.4345135986804962,0.05882352963089943,0.035087719559669495,0.2804878056049347,0.47058823704719543,0.5964912176132202,0.6341463327407837,0.5539953112602234,0.5120309591293335,0.5827491283416748,0.6470588445663452,0.4385964870452881,0.792682945728302,0.47058823704719543,0.5964912176132202,0.6341463327407837,0.11026795953512192,0.4392065405845642,1.1272358894348145,1.6767103672027588,0.4117647111415863,0.5373134613037109,0.4661654233932495,0.37142857909202576,0.5527026653289795,0.48211050033569336,0.2572669982910156,0.24436873197555542,0.28586384654045105,0.17868925631046295,0.05171024054288864,0.1485070139169693,0.5454545617103577,0.4918033182621002,0.6203208565711975,0.5365288257598877,0.1762676239013672,0.1739770919084549,0.1862841546535492,-0.2777460217475891,0.10931620001792908,-0.06779380887746811,0.6000000238418579,0.4054054021835327,0.90625,0.1428571492433548,0.699999988079071,0.05797101557254791,0.06757791340351105,0.23146063089370728,0.5505310297012329,0.4117647111415863,0.447761207818985,0.4135338366031647,0.5,0.5,0.4019474685192108,0.5231491327285767,0.3299204707145691,0.30626800656318665,0.3936660885810852,0.20537739992141724,0.16801442205905914,0.0,0.0,0.13333332538604736,0.0,0.0,-0.2470727115869522,0.0,0.0,0.09375,1.0,1.0,0.7101449370384216,0.05538544803857803,0.2685052454471588,0.377314954996109,0.0,0.0,0.19548872113227844,0.5882353186607361,0.5522388219833374,0.48120301961898804,0.0,0.0,0.0,0.029710015282034874,0.0,0.0,0.0,2.535630226135254,0.5363808870315552,0.4856032133102417,0.6146723031997681,0.12090133130550385,0.9960386157035828,1.390113353729248,2.5070533752441406,0.027118701487779617,0.19456718862056732,0.40392670035362244,0.6256126165390015,0.7058823704719543,0.35820895433425903,0.9248120188713074,0.029710015282034874,0.06757791340351105,0.23146063089370728,0.5505310297012329,0.84956955909729,0.5882353186607361,0.5522388219833374,0.48120301961898804,0.3711763322353363,0.5575238466262817
36,0.5021794438362122,0.1599474847316742,0.1736118048429489,0.16862016916275024,0.1063525378704071,0.6651590466499329,1.2347811460494995,0.0,0.0,0.0,0.029706567525863647,0.0,0.0,0.0,3.2064852714538574,0.44695574045181274,1.0506483316421509,1.4956425428390503,2.993246555328369,0.05926400423049927,0.2569350004196167,0.4885195791721344,0.8047186136245728,0.029706567525863647,0.6875,0.5357142686843872,0.5641025900840759,0.6904761791229248,0.5384615659713745,0.5641025900840759,0.2209688425064087,0.24699507653713226,0.2410367876291275,0.1670413762331009,0.0638510137796402,0.1290815770626068,0.7058823108673096,0.5357142686843872,0.6304347515106201,0.37796446681022644,0.07692307978868484,0.1373605728149414,0.6666666865348816,0.5,0.7435897588729858,0.7142857313156128,0.5769230723381042,0.38461539149284363,0.4375,0.4821428656578064,0.5512820482254028,0.5,0.5166666507720947,0.5512820482254028,0.43050581216812134,0.33299916982650757,0.2650904953479767,0.3454020023345947,0.2233586460351944,0.24098128080368042,0.0,0.06451613456010818,0.2857142984867096,0.0,0.12552917003631592,0.1533929854631424,0.0,0.03333333507180214,0.1794871836900711,1.0,1.0,0.9230769276618958,0.13285982608795166,0.2587842047214508,0.3343876004219055,0.0,0.01785714365541935,0.12820513546466827,0.5625,0.5357142686843872,0.5,0.5204586386680603,0.5041991472244263,0.5562429428100586,0.5,0.4642857015132904,0.6794871687889099,0.5625,0.5357142686843872,0.5,0.1063525378704071,0.6651590466499329,1.2347811460494995,2.0062928199768066,0.4117647111415863,0.5671641826629639,0.4436090290546417,0.37142857909202576,0.5860360264778137,0.4569746255874634,0.25924479961395264,0.24383829534053802,0.2834742069244385,0.19378389418125153,0.08233687281608582,0.15943536162376404,0.5454545617103577,0.5084746479988098,0.5842697024345398,0.5389306545257568,0.17915299534797668,0.17378756403923035,0.18599006533622742,-0.2777460217475891,0.18220247328281403,-0.12286829203367233,0.6000000238418579,0.4054054021835327,0.8125,0.1428571492433548,0.7666666507720947,0.10144927352666855,0.07777230441570282,0.23751300573349,0.5830879211425781,0.4117647111415863,0.447761207818985,0.4436090290546417,0.5,0.5,0.42980071902275085,0.5437605381011963,0.33653706312179565,0.3100821375846863,0.3909629285335541,0.21598565578460693,0.18439120054244995,0.0,0.0,0.09756097197532654,0.0,0.0,-0.20506520569324493,0.0,0.0,0.0625,1.0,1.0,0.7971014380455017,0.03510172292590141,0.2572740912437439,0.34838128089904785,0.0,0.0,0.13533835113048553,0.5882353186607361,0.5522388219833374,0.48120301961898804,0.0,0.0,0.0,0.029705338180065155,0.0,0.0,0.0,2.5289576053619385,0.5253087282180786,0.48482730984687805,0.6030443906784058,0.12375874817371368,0.9882886409759521,1.3707635402679443,2.4828109741210938,0.027541562914848328,0.19512726366519928,0.39077332615852356,0.6134421825408936,0.7058823704719543,0.3283582031726837,0.8571428656578064,0.029705338180065155,0.07777230441570282,0.23751300573349,0.5830879211425781,0.8983732461929321,0.5882353186607361,0.5522388219833374,0.48120301961898804,0.37044280767440796,0.42530113458633423
37,0.45520514249801636,0.13391688466072083,0.16938352584838867,0.15190473198890686,0.11637948453426361,0.36560216546058655,0.6111229062080383,0.0,0.0,0.0,0.029701661318540573,0.0,0.0,0.0,2.9454941749572754,0.17822879552841187,1.0574119091033936,1.6168537139892578,2.852494478225708,0.03236769512295723,0.2953067123889923,0.5814054608345032,0.909079909324646,0.029701661318540573,0.8125,0.42553192377090454,0.6081081032752991,0.7564102411270142,0.40980392694473267,0.5657051205635071,0.1940319538116455,0.24640829861164093,0.21873342990875244,0.23717422783374786,0.14247019588947296,0.06169760227203369,0.8799999952316284,0.5090909600257874,0.7010309100151062,0.46225014328956604,-0.17370863258838654,0.13263817131519318,0.8461538553237915,0.46666666865348816,0.7083333134651184,0.6666666865348816,0.3529411852359772,0.42307692766189575,0.1875,0.42553192377090454,0.4864864945411682,0.5,0.550000011920929,0.6041666865348816,0.5857406258583069,0.34585994482040405,0.30427059531211853,0.269165575504303,0.1644723117351532,0.16074338555335999,0.0,0.1818181872367859,0.3448275625705719,0.0,0.19656133651733398,0.2909216582775116,0.0,0.10000000149011612,0.2083333283662796,1.0,1.0,1.0,0.15445035696029663,0.2966538369655609,0.3430938124656677,0.0,0.06382978707551956,0.13513512909412384,0.8125,0.6382978558540344,0.6486486196517944,0.5753257870674133,0.5215571522712708,0.5605341196060181,0.75,0.5319148898124695,0.662162184715271,0.8125,0.6382978558540344,0.6486486196517944,0.11637948453426361,0.36560216546058655,0.6111229062080383,1.093104600906372,0.4117647111415863,0.5223880410194397,0.451127827167511,0.37142857909202576,0.5360360145568848,0.4676177501678467,0.25830143690109253,0.24386653304100037,0.28917253017425537,0.17570583522319794,0.03493572399020195,0.17297208309173584,0.5454545617103577,0.4838709533214569,0.6137565970420837,0.5387752056121826,0.17769229412078857,0.17348229885101318,0.18760062754154205,-0.2777460217475891,0.07410266995429993,-0.13609793782234192,0.6000000238418579,0.4054054021835327,0.90625,0.1428571492433548,0.6666666865348816,0.028985507786273956,0.06871245801448822,0.23168639838695526,0.5646552443504333,0.4117647111415863,0.447761207818985,0.4285714328289032,0.5,0.5,0.41700634360313416,0.526827335357666,0.3288479447364807,0.3064943253993988,0.39325088262557983,0.18637898564338684,0.1765720695257187,0.0,0.0,0.15555554628372192,0.0,0.0,-0.20912736654281616,0.0,0.0,0.109375,1.0,1.0,0.7246376872062683,0.05112317204475403,0.26955562829971313,0.37399178743362427,0.0,0.0,0.19548872113227844,0.5882353186607361,0.5522388219833374,0.48120301961898804,0.0,0.0,0.0,0.02970050275325775,0.0,0.0,0.0,2.5374794006347656,0.5336924195289612,0.48745232820510864,0.6240999102592468,0.11360108107328415,0.9943338632583618,1.390939474105835,2.4988744258880615,0.026451528072357178,0.19530336558818817,0.40218815207481384,0.623943030834198,0.7058823704719543,0.3731343150138855,0.9398496150970459,0.02970050275325775,0.06871245801448822,0.23168639838695526,0.5646552443504333,0.8650541305541992,0.5882353186607361,0.5522388219833374,0.48120301961898804,0.3720870912075043,0.5746328830718994
38,0.48589420318603516,0.16195262968540192,0.17237025499343872,0.15157131850719452,0.0789797306060791,0.19059862196445465,0.8152765035629272,0.0,0.0,0.0,0.029697032645344734,0.0,0.0,0.0,2.7421457767486572,0.26848703622817993,1.077837347984314,1.4066519737243652,2.752976417541504,0.037004631012678146,0.27493664622306824,0.409636914730072,0.7215781807899475,0.029697032645344734,0.6000000238418579,0.557692289352417,0.6666666865348816,0.75,0.559259295463562,0.5775462985038757,0.22742490470409393,0.24236789345741272,0.21886678040027618,0.27883630990982056,0.057330962270498276,0.09049460291862488,0.6666666865348816,0.5490195751190186,0.7747747898101807,0.40824830532073975,0.11878277361392975,0.20306386053562164,0.5,0.5185185074806213,0.8958333134651184,1.0,0.6000000238418579,0.25925925374031067,0.20000000298023224,0.5192307829856873,0.4933333396911621,0.5,0.5370370149612427,0.5960648059844971,0.6192528605461121,0.3102829158306122,0.2986934781074524,0.26507890224456787,0.3223937749862671,0.22859133780002594,0.0,0.13793103396892548,0.36666667461395264,0.0,0.19245009124279022,0.25155672430992126,0.0,0.07407407462596893,0.2291666716337204,1.0,1.0,0.9629629850387573,0.10234234482049942,0.247564896941185,0.3419908583164215,0.0,0.03846153989434242,0.1599999964237213,0.800000011920929,0.5192307829856873,0.6399999856948853,0.48704400658607483,0.5003613829612732,0.5761720538139343,0.4000000059604645,0.4615384638309479,0.8399999737739563,0.800000011920929,0.5192307829856873,0.6399999856948853,0.0789797306060791,0.19059862196445465,0.8152765035629272,1.0848548412322998,0.4117647111415863,0.5373134613037109,0.4661654233932495,0.37142857909202576,0.5527026653289795,0.48267662525177,0.25898265838623047,0.24420444667339325,0.28867143392562866,0.1709192395210266,0.05222207307815552,0.1575639545917511,0.5454545617103577,0.4918033182621002,0.6243386268615723,0.5406580567359924,0.17924214899539948,0.17397284507751465,0.1874430775642395,-0.2777460217475891,0.10931620001792908,-0.07280763238668442,0.6000000238418579,0.4054054021835327,0.921875,0.1428571492433548,0.699999988079071,0.043478261679410934,0.07057372480630875,0.23485448956489563,0.578453779220581,0.4117647111415863,0.447761207818985,0.4060150384902954,0.5,0.5,0.39356884360313416,0.5364486575126648,0.33043569326400757,0.3057747185230255,0.3962990343570709,0.20892870426177979,0.1837759017944336,0.0,0.0,0.09195401519536972,0.0,0.0,-0.28122445940971375,0.0,0.0,0.0625,1.0,1.0,0.7246376872062683,0.04268766939640045,0.26443246006965637,0.36820513010025024,0.0,0.0,0.17293232679367065,0.5882353186607361,0.5522388219833374,0.48120301961898804,0.0,0.0,0.0,0.02969585359096527,0.0,0.0,0.0,2.52451753616333,0.526993453502655,0.48509135842323303,0.623729407787323,0.10932286828756332,0.9847127199172974,1.379201054573059,2.473236560821533,0.026435935869812965,0.19334886968135834,0.39469054341316223,0.6144753694534302,0.7058823704719543,0.35820895433425903,0.9398496150970459,0.02969585359096527,0.07057372480630875,0.23485448956489563,0.578453779220581,0.8838819861412048,0.5882353186607361,0.5522388219833374,0.48120301961898804,0.37590599060058594,0.5171974301338196
39,0.5102075934410095,0.1827036589384079,0.17688694596290588,0.15061698853969574,0.13518501818180084,0.770126461982727,1.7239577770233154,0.0,0.0,0.0,0.029692230746150017,0.0,0.0,0.0,4.377504825592041,0.5521974563598633,1.1816281080245972,2.2012581825256348,3.9350838661193848,0.07467582076787949,0.3808743953704834,0.9550935626029968,1.4106438159942627,0.029692230746150017,0.5384615659713745,0.3888888955116272,0.6538461446762085,0.5384615659713745,0.38749998807907104,0.6114130020141602,0.25814229249954224,0.2570960521697998,0.21225593984127045,0.19413596391677856,0.14437183737754822,0.10036416351795197,0.6000000238418579,0.42105263471603394,0.7428570985794067,0.08084520697593689,-0.22360679507255554,0.25533899664878845,0.692307710647583,0.4000000059604645,0.8478260636329651,0.38461539149284363,0.375,0.375,0.5,0.5,0.6153846383094788,0.5,0.5416666865348816,0.65964674949646,0.37765341997146606,0.2922472357749939,0.25427475571632385,0.33782392740249634,0.26431822776794434,0.21037238836288452,0.0,0.27027028799057007,0.5588235259056091,0.0,0.1232784166932106,0.34901055693626404,0.0,0.1666666716337204,0.41304346919059753,1.0,0.9166666865348816,0.90625,0.16217605769634247,0.3146249055862427,0.41116005182266235,0.0,0.12962962687015533,0.28205129504203796,0.5,0.5555555820465088,0.5897436141967773,0.5425766110420227,0.522584855556488,0.589788019657135,0.6538461446762085,0.5,0.7564102411270142,0.5,0.5555555820465088,0.5897436141967773,0.13518501818180084,0.770126461982727,1.7239577770233154,2.6292691230773926,0.4117647111415863,0.5373134613037109,0.48120301961898804,0.37142857909202576,0.5558558702468872,0.49773550033569336,0.2582349181175232,0.2438817322254181,0.28675273060798645,0.1721739023923874,0.05260404944419861,0.14192260801792145,0.5454545617103577,0.47457626461982727,0.634920597076416,0.5391319394111633,0.17850850522518158,0.17386282980442047,0.18676058948040009,-0.2777460217475891,0.11828852444887161,-0.009517338126897812,0.6000000238418579,0.37837839126586914,0.9375,0.1428571492433548,0.7333333492279053,0.05797101557254791,0.06897599995136261,0.23841406404972076,0.5893800258636475,0.4117647111415863,0.447761207818985,0.4060150384902954,0.5,0.5,0.39356884360313416,0.5365557074546814,0.33029815554618835,0.30512040853500366,0.39389532804489136,0.19109967350959778,0.1910324990749359,0.0,0.0,0.09195401519536972,0.0,0.0,-0.28122445940971375,0.0,0.0,0.0625,1.0,1.0,0.7246376872062683,0.04295066371560097,0.2642418444156647,0.3628483712673187,0.0,0.0,0.17293232679367065,0.5882353186607361,0.5522388219833374,0.48120301961898804,0.0,0.0,0.0,0.029690973460674286,0.0,0.0,0.0,2.52246356010437,0.530698835849762,0.48470938205718994,0.6201792359352112,0.1085553839802742,0.9859930276870728,1.3789688348770142,2.473517417907715,0.026209017261862755,0.1933162659406662,0.38950273394584656,0.6090279817581177,0.7058823704719543,0.3283582031726837,0.9398496150970459,0.029690973460674286,0.06897599995136261,0.23841406404972076,0.5893800258636475,0.8967701196670532,0.5882353186607361,0.5522388219833374,0.48120301961898804,0.3748781085014343,0.7560535669326782
40,0.4869333803653717,0.15786947309970856,0.17259344458580017,0.15647044777870178,0.10851133614778519,0.3547448515892029,1.0642088651657104,0.0,0.0,0.0,0.029687313362956047,0.0,0.0,0.0,3.1138219833374023,0.2981347441673279,1.0938994884490967,1.5459494590759277,2.937983751296997,0.043504130095243454,0.3124687969684601,0.5312218070030212,0.8871947526931763,0.029687313362956047,0.6875,0.49180328845977783,0.6190476417541504,0.6746032238006592,0.5059912800788879,0.6045454740524292,0.21774518489837646,0.2435055673122406,0.220012366771698,0.22909857332706451,0.05451325327157974,0.16836874186992645,0.736842155456543,0.45614033937454224,0.7142857313156128,0.3578300178050995,0.012280488386750221,0.2659359276294708,0.7777777910232544,0.38235294818878174,0.9090909361839294,0.5714285969734192,0.6296296119689941,0.30000001192092896,0.4375,0.4590163826942444,0.6071428656578064,0.5,0.5147058963775635,0.6215909123420715,0.44598960876464844,0.3076647222042084,0.22629114985466003,0.3608916401863098,0.23040181398391724,0.2784842252731323,0.0,0.05714285746216774,0.4590164124965668,0.0,0.11504475027322769,0.30229124426841736,0.0,0.029411764815449715,0.3181818127632141,1.0,1.0,0.925000011920929,0.11389489471912384,0.28199532628059387,0.3823343515396118,0.0,0.016393441706895828,0.2023809552192688,0.5625,0.5573770403862,0.523809552192688,0.5222359895706177,0.4982883930206299,0.5865015983581543,0.625,0.37704917788505554,0.8095238208770752,0.5625,0.5573770403862,0.523809552192688,0.10851133614778519,0.3547448515892029,1.0642088651657104,1.5274651050567627,0.4117647111415863,0.5223880410194397,0.4736842215061188,0.37142857909202576,0.5391892194747925,0.48992300033569336,0.2559419572353363,0.24345985054969788,0.28537383675575256,0.17370660603046417,0.03638869524002075,0.14233756065368652,0.5454545617103577,0.46666666865348816,0.6276595592498779,0.536691427230835,0.17692269384860992,0.17347660660743713,0.18629208207130432,-0.2777460217475891,0.08208569884300232,-0.04009067639708519,0.6000000238418579,0.37837839126586914,0.921875,0.1428571492433548,0.699999988079071,0.05797101557254791,0.06640782207250595,0.24352888762950897,0.5944796800613403,0.4117647111415863,0.447761207818985,0.4060150384902954,0.5,0.5,0.3930027186870575,0.5321926474571228,0.33073151111602783,0.30437928438186646,0.3767620027065277,0.1896396428346634,0.18933117389678955,0.0,0.0,0.07058823108673096,0.0,0.0,-0.29322341084480286,0.0,0.0,0.046875,1.0,1.0,0.739130437374115,0.047846000641584396,0.26599594950675964,0.3587896525859833,0.0,0.0,0.15789473056793213,0.5882353186607361,0.5522388219833374,0.48120301961898804,0.0,0.0,0.0,0.029686132445931435,0.0,0.0,0.0,2.535376787185669,0.5316126346588135,0.48599931597709656,0.6160218119621277,0.11630816757678986,0.9976624250411987,1.3944679498672485,2.5084385871887207,0.026090353727340698,0.19532938301563263,0.3869907855987549,0.6084105372428894,0.7058823704719543,0.34328359365463257,0.932330846786499,0.029686132445931435,0.06640782207250595,0.24352888762950897,0.5944796800613403,0.9044163823127747,0.5882353186607361,0.5522388219833374,0.48120301961898804,0.3693455755710602,0.5509077906608582
41,0.5199736952781677,0.1879948228597641,0.1666778326034546,0.16530103981494904,0.11540476977825165,0.3952609598636627,0.6837735772132874,0.0,0.0,0.0,0.029682625085115433,0.0,0.0,0.0,3.1222028732299805,0.3810104727745056,1.0575100183486938,1.627640962600708,3.0661613941192627,0.046360913664102554,0.2701127827167511,0.6055585145950317,0.9220322370529175,0.029682625085115433,0.5333333611488342,0.5625,0.5365853905677795,0.7083333134651184,0.5944444537162781,0.5215311050415039,0.26648229360580444,0.2369484156370163,0.23593799769878387,0.2036633938550949,0.07659989595413208,0.122129425406456,0.5882353186607361,0.5714285969734192,0.6274510025978088,0.3535533845424652,0.18699391186237335,0.047194864600896835,0.4166666567325592,0.46666666865348816,0.7272727489471436,1.0,0.7222222089767456,0.31578946113586426,0.20000000298023224,0.3958333432674408,0.6097561120986938,0.5,0.5166666507720947,0.6363636255264282,0.6800633072853088,0.34633544087409973,0.24106457829475403,0.2200297713279724,0.19815759360790253,0.27554604411125183,0.0,0.06451613456010818,0.4285714626312256,0.0,0.11298653483390808,0.38477519154548645,0.0,0.03333333507180214,0.27272728085517883,1.0,1.0,1.0,0.07041727751493454,0.27220070362091064,0.3559335470199585,0.0,0.02083333395421505,0.1463414579629898,0.800000011920929,0.625,0.5365853905677795,0.48197683691978455,0.5051851868629456,0.5648820400238037,0.3333333432674408,0.3958333432674408,0.707317054271698,0.800000011920929,0.625,0.5365853905677795,0.11540476977825165,0.3952609598636627,0.6837735772132874,1.1944392919540405,0.47058823704719543,0.5373134613037109,0.4661654233932495,0.4214285612106323,0.5527026653289795,0.48097825050354004,0.2559472918510437,0.24240072071552277,0.2827397584915161,0.18428903818130493,0.04869839549064636,0.13536566495895386,0.6086956858634949,0.4918033182621002,0.6120218634605408,0.5357487201690674,0.1770596206188202,0.1725826859474182,0.18610642850399017,-0.18232321739196777,0.10931620001792908,-0.06193801388144493,0.699999988079071,0.4054054021835327,0.875,0.1428571492433548,0.699999988079071,0.08695652335882187,0.07115031033754349,0.24777007102966309,0.5988960862159729,0.4117647111415863,0.447761207818985,0.4060150384902954,0.5,0.5,0.3930027186870575,0.5425370931625366,0.3348795771598816,0.3090928792953491,0.3735431134700775,0.19269084930419922,0.20114563405513763,0.0,0.0,0.07058823108673096,0.0,0.0,-0.29322341084480286,0.0,0.0,0.046875,1.0,1.0,0.739130437374115,0.038221605122089386,0.26223623752593994,0.3512269854545593,0.0,0.0,0.15789473056793213,0.5882353186607361,0.5522388219833374,0.48120301961898804,0.0,0.0,0.0,0.029681509360671043,0.0,0.0,0.0,2.547023296356201,0.5300956964492798,0.4886150658130646,0.6015310883522034,0.1172863095998764,0.9984105825424194,1.3957377672195435,2.511434555053711,0.026409080252051353,0.1969698667526245,0.3938160240650177,0.6171949505805969,0.7647058963775635,0.35820895433425903,0.8947368264198303,0.029681509360671043,0.07115031033754349,0.24777007102966309,0.5988960862159729,0.9178164601325989,0.5882353186607361,0.5522388219833374,0.48120301961898804,0.36840182542800903,0.5140044689178467
42,0.4754028618335724,0.13984720408916473,0.17626240849494934,0.1592932641506195,0.07912058383226395,0.5296811461448669,0.9189170598983765,0.0,0.0,0.0,0.029678132385015488,0.0,0.0,0.0,3.1069021224975586,0.3249267339706421,1.0697970390319824,1.5823020935058594,2.9770259857177734,0.04328416660428047,0.2792305052280426,0.5509791374206543,0.8734937906265259,0.029678132385015488,0.7777777910232544,0.42105263471603394,0.6202531456947327,0.7749999761581421,0.43030691146850586,0.571088433265686,0.1827838122844696,0.2534647583961487,0.2297845184803009,0.25558218359947205,0.13156019151210785,0.10217978060245514,0.8000000715255737,0.4406779706478119,0.7169811725616455,0.550000011920929,-0.1378091722726822,0.1539355218410492,0.800000011920929,0.38235294818878174,0.7755101919174194,0.75,0.47826087474823,0.36666667461395264,0.5,0.42105263471603394,0.5696202516555786,0.550000011920929,0.5147058963775635,0.6401360630989075,0.3884139060974121,0.3183996081352234,0.2736949920654297,0.4849686622619629,0.21653035283088684,0.18296295404434204,0.1818181872367859,0.05714285746216774,0.5,0.21693044900894165,0.10990829020738602,0.3182629942893982,0.10000000149011612,0.029411764815449715,0.3469387888908386,1.0,1.0,0.9333333373069763,0.121124267578125,0.290942907333374,0.38665732741355896,0.0555555559694767,0.017543859779834747,0.2405063360929489,0.5555555820465088,0.5964912176132202,0.6202531456947327,0.52219557762146,0.5018458366394043,0.5727542638778687,0.5555555820465088,0.4385964870452881,0.7215189933776855,0.5555555820465088,0.5964912176132202,0.6202531456947327,0.07912058383226395,0.5296811461448669,0.9189170598983765,1.5277187824249268,0.529411792755127,0.5223880410194397,0.45864662528038025,0.4928571581840515,0.5391892194747925,0.47146737575531006,0.25575801730155945,0.24190689623355865,0.2817809283733368,0.14911320805549622,0.03790609538555145,0.13491450250148773,0.6363636255264282,0.46666666865348816,0.5909090638160706,0.536255419254303,0.17757157981395721,0.17230692505836487,0.18637694418430328,-0.015430334955453873,0.08208569884300232,-0.07819291204214096,0.699999988079071,0.37837839126586914,0.8125,0.2857142984867096,0.699999988079071,0.1304347813129425,0.0676073506474495,0.2494475096464157,0.5948668718338013,0.4117647111415863,0.447761207818985,0.4135338366031647,0.5,0.5,0.4008152186870575,0.5363266468048096,0.33899223804473877,0.3128310739994049,0.36743342876434326,0.1894747018814087,0.20283271372318268,0.0,0.0,0.09302324801683426,0.0,0.0,-0.2667575776576996,0.0,0.0,0.0625,1.0,1.0,0.739130437374115,0.04433127120137215,0.2582864761352539,0.35199180245399475,0.0,0.0,0.1654135286808014,0.5882353186607361,0.5522388219833374,0.48120301961898804,0.0,0.0,0.0,0.02967696264386177,0.0,0.0,0.0,2.552703857421875,0.5267705321311951,0.48885056376457214,0.5935611724853516,0.11402273178100586,0.9967126846313477,1.3970396518707275,2.507775068283081,0.026285216212272644,0.1981620341539383,0.40311095118522644,0.6275582313537598,0.7058823704719543,0.34328359365463257,0.8421052694320679,0.02967696264386177,0.0676073506474495,0.2494475096464157,0.5948668718338013,0.9119217395782471,0.5882353186607361,0.5522388219833374,0.48120301961898804,0.37089234590530396,0.5384023785591125
43,0.5618340373039246,0.21244332194328308,0.1744571179151535,0.17493361234664917,0.09380228817462921,0.49093636870384216,1.238341212272644,0.0,0.0,0.0,0.029673462733626366,0.0,0.0,0.0,3.0286295413970947,0.1912037581205368,0.9748402237892151,1.4810354709625244,2.6470794677734375,0.03378091752529144,0.2273494154214859,0.5078356266021729,0.7689659595489502,0.029673462733626366,0.5714285969734192,0.523809552192688,0.47297295928001404,0.3333333432674408,0.5181818008422852,0.4633699655532837,0.2857329249382019,0.2413892298936844,0.2520655691623688,0.4954443573951721,0.14241620898246765,0.07364373654127121,0.0,0.444444477558136,0.5617977380752563,-0.25819888710975647,0.03739788010716438,-0.07813454419374466,0.0,0.4000000059604645,0.6410256624221802,0.6666666865348816,0.6363636255264282,0.2857142984867096,0.8571428656578064,0.5714285969734192,0.5675675868988037,0.5,0.550000011920929,0.5882784128189087,0.1610153168439865,0.26028165221214294,0.26611408591270447,0.7511287331581116,0.3366159200668335,0.2535559833049774,0.0,0.1818181872367859,0.3333333134651184,0.0,0.2345207780599594,0.2696949243545532,0.0,0.10000000149011612,0.20512820780277252,1.0,1.0,0.9714285731315613,0.10601413995027542,0.2695854604244232,0.34048062562942505,0.0,0.0476190485060215,0.12162162363529205,0.1428571492433548,0.4761904776096344,0.5270270109176636,0.4692336618900299,0.49836069345474243,0.5466166138648987,0.2857142984867096,0.380952388048172,0.6756756901741028,0.1428571492433548,0.4761904776096344,0.5270270109176636,0.09380228817462921,0.49093636870384216,1.238341212272644,1.8230798244476318,0.5882353186607361,0.5074626803398132,0.4661654233932495,0.5642856955528259,0.5288288593292236,0.4798460006713867,0.2566608786582947,0.24295562505722046,0.28339794278144836,0.11053977906703949,0.03528498858213425,0.13287296891212463,0.6666666865348816,0.42105263471603394,0.6033520102500916,0.5406169891357422,0.17993837594985962,0.1738116443157196,0.18686693906784058,0.1324102282524109,0.06265483051538467,-0.05887356027960777,0.699999988079071,0.3243243098258972,0.84375,0.4285714328289032,0.7333333492279053,0.11594203114509583,0.0701325461268425,0.24946920573711395,0.5842677354812622,0.4117647111415863,0.447761207818985,0.3909774422645569,0.5,0.5,0.3790760934352875,0.5387565493583679,0.34550902247428894,0.31139224767684937,0.3933265805244446,0.21206620335578918,0.21147869527339935,0.0,0.0,0.08988763391971588,0.0,0.0,-0.3092963993549347,0.0,0.0,0.0625,1.0,1.0,0.695652186870575,0.042938049882650375,0.2477377951145172,0.3670492470264435,0.0,0.0,0.18796992301940918,0.5882353186607361,0.5522388219833374,0.48120301961898804,0.0,0.0,0.0,0.029672298580408096,0.0,0.0,0.0,2.55766224861145,0.5142085552215576,0.4816136062145233,0.5990383625030518,0.11915573477745056,0.9863141179084778,1.3993393182754517,2.5048091411590576,0.026636553928256035,0.19772547483444214,0.40979984402656555,0.6341618895530701,0.6470588445663452,0.2985074520111084,0.8646616339683533,0.029672298580408096,0.0701325461268425,0.24946920573711395,0.5842677354812622,0.9038695096969604,0.5882353186607361,0.5522388219833374,0.48120301961898804,0.37339073419570923,0.4830779731273651
44,0.5083023905754089,0.18488889932632446,0.1722758561372757,0.15113765001296997,0.12169823795557022,0.5524880886077881,1.2918695211410522,0.0,0.0,0.0,0.02966885268688202,0.0,0.0,0.0,3.1975960731506348,0.23313531279563904,1.1010642051696777,1.5238306522369385,2.858030319213867,0.03843289986252785,0.30886948108673096,0.513339102268219,0.8606414794921875,0.02966885268688202,0.5,0.6041666865348816,0.6216216087341309,0.5142857432365417,0.6206293702125549,0.6102941036224365,0.2637772262096405,0.24021275341510773,0.2084214985370636,0.04743124544620514,0.11588507890701294,0.1936132162809372,0.5,0.5365853905677795,0.6818181872367859,0.02857142873108387,0.2593453526496887,0.2302737832069397,0.4285714328289032,0.42307692766189575,0.75,0.6000000238418579,0.8181818127632141,0.47058823704719543,0.4166666567325592,0.5208333134651184,0.6351351141929626,0.5,0.557692289352417,0.6602941155433655,0.49251821637153625,0.32037466764450073,0.21132971346378326,0.40716323256492615,0.2803894877433777,0.36401861906051636,0.0,0.2068965584039688,0.5090909004211426,0.0,0.23750844597816467,0.39741605520248413,0.0,0.11538461595773697,0.3499999940395355,1.0,1.0,0.970588207244873,0.08299420028924942,0.25867441296577454,0.3726779818534851,0.0,0.0625,0.20270270109176636,0.5833333134651184,0.5416666865348816,0.5405405163764954,0.5023230910301208,0.48828157782554626,0.5566812753677368,0.4166666567325592,0.3125,0.6486486196517944,0.5833333134651184,0.5416666865348816,0.5405405163764954,0.12169823795557022,0.5524880886077881,1.2918695211410522,1.9660558700561523,0.529411792755127,0.4776119291782379,0.4661654233932495,0.5142857432365417,0.5018017888069153,0.4798460006713867,0.25729694962501526,0.2437748908996582,0.2845897376537323,0.14811107516288757,0.033328909426927567,0.1364244669675827,0.6000000238418579,0.3636363744735718,0.6033520102500916,0.543675422668457,0.18159344792366028,0.17480044066905975,0.18728157877922058,0.02857142873108387,0.004042631946504116,-0.05887356027960777,0.6000000238418579,0.2702702581882477,0.84375,0.4285714328289032,0.7333333492279053,0.11594203114509583,0.07575049251317978,0.24856965243816376,0.5800883769989014,0.4117647111415863,0.447761207818985,0.3909774422645569,0.5,0.5,0.3790760934352875,0.5474417805671692,0.34754088521003723,0.3101215660572052,0.37601998448371887,0.2156774252653122,0.2006281465291977,0.0,0.0,0.08988763391971588,0.0,0.0,-0.3092963993549347,0.0,0.0,0.0625,1.0,1.0,0.695652186870575,0.035744715481996536,0.24403665959835052,0.3764473497867584,0.0,0.0,0.18796992301940918,0.5882353186607361,0.5522388219833374,0.48120301961898804,0.0,0.0,0.0,0.029667705297470093,0.0,0.0,0.0,2.5705482959747314,0.505011260509491,0.4776149094104767,0.6025899052619934,0.13064469397068024,0.9808967113494873,1.404767394065857,2.5163087844848633,0.027397945523262024,0.1972484141588211,0.41478344798088074,0.6394298076629639,0.5882353186607361,0.26865673065185547,0.8646616339683533,0.029667705297470093,0.07575049251317978,0.24856965243816376,0.5800883769989014,0.9044085144996643,0.5882353186607361,0.5522388219833374,0.48120301961898804,0.37363511323928833,0.5983768105506897
45,0.5187785625457764,0.1794702410697937,0.17392222583293915,0.16538609564304352,0.09019125252962112,0.6043756008148193,0.9660398960113525,0.0,0.0,0.0,0.02966414764523506,0.0,0.0,0.0,3.023852825164795,0.21820208430290222,1.0632578134536743,1.4524118900299072,2.7338719367980957,0.03578151389956474,0.2776012718677521,0.5016077756881714,0.8149905204772949,0.02966414764523506,0.5833333134651184,0.5714285969734192,0.5733333230018616,0.5,0.5858585834503174,0.5771692991256714,0.23519517481327057,0.24284711480140686,0.2354637086391449,0.2676476240158081,0.08386946469545364,0.11807163804769516,0.2857142686843872,0.5333333015441895,0.6666666865348816,0.0,0.17716985940933228,0.1883566975593567,0.25,0.4444444477558136,0.8648648858070374,0.75,0.7272727489471436,0.28947368264198303,0.6666666865348816,0.5102040767669678,0.5866666436195374,0.5,0.5555555820465088,0.5814366936683655,0.303406685590744,0.3177879750728607,0.24289624392986298,0.6032382845878601,0.2693325877189636,0.2842980921268463,0.0,0.19999998807907104,0.31111112236976624,0.0,0.23052135109901428,0.2637912631034851,0.0,0.1111111119389534,0.18918919563293457,1.0,1.0,0.9736841917037964,0.0634283721446991,0.25848376750946045,0.34426748752593994,0.0,0.06122449040412903,0.1066666692495346,0.3333333432674408,0.5510203838348389,0.4933333396911621,0.45034149289131165,0.48755910992622375,0.5512192845344543,0.25,0.36734694242477417,0.7866666913032532,0.3333333432674408,0.5510203838348389,0.4933333396911621,0.09019125252962112,0.6043756008148193,0.9660398960113525,1.6606067419052124,0.529411792755127,0.49253731966018677,0.5112782120704651,0.5142857432365417,0.51846843957901,0.5227581262588501,0.25752049684524536,0.24388466775417328,0.2816634476184845,0.14814481139183044,0.03352510184049606,0.13089950382709503,0.6000000238418579,0.37037035822868347,0.6198830604553223,0.5444166660308838,0.18259313702583313,0.17493388056755066,0.1868896484375,0.02857142873108387,0.04220976307988167,0.05734597519040108,0.6000000238418579,0.2702702581882477,0.828125,0.4285714328289032,0.7666666507720947,0.21739129722118378,0.07116895169019699,0.25120288133621216,0.6062834858894348,0.4117647111415863,0.447761207818985,0.4135338366031647,0.5,0.5,0.4008152186870575,0.5482027530670166,0.3463241159915924,0.3136782944202423,0.3758695721626282,0.21593454480171204,0.1991419941186905,0.0,0.0,0.09302324801683426,0.0,0.0,-0.2667575776576996,0.0,0.0,0.0625,1.0,1.0,0.739130437374115,0.03589514270424843,0.2439434826374054,0.3513055741786957,0.0,0.0,0.1654135286808014,0.5882353186607361,0.5522388219833374,0.48120301961898804,0.0,0.0,0.0,0.0296629685908556,0.0,0.0,0.0,2.552598714828491,0.5026295185089111,0.4772649109363556,0.5891150236129761,0.12255409359931946,0.9740736484527588,1.389195203781128,2.485822916030884,0.027051419019699097,0.19544218480587006,0.4049149751663208,0.6274085640907288,0.5882353186607361,0.2537313401699066,0.8045112490653992,0.0296629685908556,0.07116895169019699,0.25120288133621216,0.6062834858894348,0.9286553263664246,0.5882353186607361,0.5522388219833374,0.48120301961898804,0.3759780824184418,0.5169517397880554
46,0.5668944120407104,0.23224994540214539,0.16818828880786896,0.16645613312721252,0.10778089612722397,0.6508244872093201,0.8683624863624573,0.0,0.0,0.0,0.029659509658813477,0.0,0.0,0.0,2.8365113735198975,0.23135539889335632,0.9211193323135376,1.4245802164077759,2.577054977416992,0.03839007019996643,0.17748312652111053,0.43871697783470154,0.6545901894569397,0.029659509658813477,0.4000000059604645,0.6363636255264282,0.5942028760910034,0.375,0.6291666626930237,0.5997474789619446,0.3037440776824951,0.2284400910139084,0.23415684700012207,0.22378870844841003,0.14551781117916107,0.14009974896907806,0.25,0.5789474248886108,0.6315789818763733,-0.2499999850988388,0.2616243362426758,0.20564551651477814,0.25,0.550000011920929,0.7272727489471436,0.5,0.7083333134651184,0.4722222089767456,0.6000000238418579,0.6136363744735718,0.5942028760910034,0.5,0.574999988079071,0.5757575631141663,0.3878653943538666,0.26276037096977234,0.24683043360710144,0.5032735466957092,0.35411274433135986,0.2753753364086151,0.0,0.2608695924282074,0.2631579041481018,0.0,0.2963188886642456,0.29193711280822754,0.0,0.15000000596046448,0.1515151560306549,1.0,1.0,1.0,0.09672647714614868,0.2595236599445343,0.32125622034072876,0.0,0.06818182021379471,0.07246376574039459,0.4000000059604645,0.4545454680919647,0.47826087474823,0.4405425488948822,0.49219560623168945,0.5564181804656982,0.4000000059604645,0.40909090638160706,0.6231883764266968,0.4000000059604645,0.4545454680919647,0.47826087474823,0.10778089612722397,0.6508244872093201,0.8683624863624573,1.6269679069519043,0.5882353186607361,0.49253731966018677,0.5338345766067505,0.5642856955528259,0.5153152942657471,0.5444972515106201,0.25762343406677246,0.2437727004289627,0.2824431359767914,0.19883030652999878,0.017056837677955627,0.1374984085559845,0.6666666865348816,0.3928571343421936,0.6309523582458496,0.5428714752197266,0.1810985803604126,0.1740727424621582,0.18770018219947815,0.1324102282524109,0.03379247337579727,0.10768676549196243,0.699999988079071,0.29729729890823364,0.828125,0.4285714328289032,0.7333333492279053,0.260869562625885,0.07093067467212677,0.2447197586297989,0.6119813323020935,0.4117647111415863,0.447761207818985,0.3909774422645569,0.5,0.5,0.3790760934352875,0.5494421720504761,0.33651578426361084,0.31674185395240784,0.3766828775405884,0.18805888295173645,0.21576657891273499,0.0,0.0,0.08988763391971588,0.0,0.0,-0.3092963993549347,0.0,0.0,0.0625,1.0,1.0,0.695652186870575,0.03508182242512703,0.25970232486724854,0.3497674763202667,0.0,0.0,0.18796992301940918,0.5882353186607361,0.5522388219833374,0.48120301961898804,0.0,0.0,0.0,0.029658343642950058,0.0,0.0,0.0,2.568284273147583,0.5144457221031189,0.4834975600242615,0.5872676968574524,0.1228180006146431,0.9780176281929016,1.4010674953460693,2.5019030570983887,0.026892324909567833,0.1951153427362442,0.4140090346336365,0.6360167264938354,0.6470588445663452,0.28358209133148193,0.7819548845291138,0.029658343642950058,0.07093067467212677,0.2447197586297989,0.6119813323020935,0.9276317358016968,0.5882353186607361,0.5522388219833374,0.48120301961898804,0.3770897388458252,0.3499663770198822
47,0.5080468654632568,0.17145724594593048,0.1757521778345108,0.16083741188049316,0.08736132085323334,0.3808899521827698,0.9356340765953064,0.0,0.0,0.0,0.02965482510626316,0.0,0.0,0.0,3.2051424980163574,0.274016797542572,1.122338891029358,1.6193183660507202,3.015674114227295,0.04446236416697502,0.34918197989463806,0.5785489082336426,0.9721932411193848,0.02965482510626316,0.6000000238418579,0.5,0.6097561120986938,0.75,0.5128205418586731,0.58441561460495,0.2354944944381714,0.24566979706287384,0.23052257299423218,0.336899071931839,0.026506442576646805,0.09250335395336151,0.6666666865348816,0.4166666567325592,0.686274528503418,0.40824827551841736,0.027381334453821182,0.17316921055316925,0.5,0.3333333432674408,0.7142857313156128,1.0,0.692307710647583,0.4545454680919647,0.20000000298023224,0.4821428656578064,0.4268292784690857,0.5,0.514102578163147,0.505565881729126,0.6916195154190063,0.32653576135635376,0.3097262382507324,0.18825118243694305,0.25639984011650085,0.18881772458553314,0.0,0.12121213227510452,0.17543859779834747,0.0,0.06247076392173767,0.018397407606244087,0.0,0.06666667014360428,0.10204081982374191,1.0,0.9615384340286255,0.9090909361839294,0.06073349714279175,0.25002092123031616,0.335962176322937,0.0,0.0535714291036129,0.09756097197532654,0.800000011920929,0.5357142686843872,0.5975610017776489,0.452908456325531,0.48368921875953674,0.5496567487716675,0.4000000059604645,0.3214285671710968,0.6463414430618286,0.800000011920929,0.5357142686843872,0.5975610017776489,0.08736132085323334,0.3808899521827698,0.9356340765953064,1.4038853645324707,0.529411792755127,0.49253731966018677,0.5263158082962036,0.4928571581840515,0.5153152942657471,0.5349863767623901,0.25721466541290283,0.24393269419670105,0.28230488300323486,0.15517346560955048,0.03381987661123276,0.14012913405895233,0.6363636255264282,0.3928571343421936,0.6086956262588501,0.5409016013145447,0.17845824360847473,0.17408670485019684,0.18835662305355072,-0.015430334955453873,0.03379247337579727,0.07868769019842148,0.699999988079071,0.29729729890823364,0.765625,0.2857142984867096,0.7333333492279053,0.30434781312942505,0.07323545217514038,0.24692405760288239,0.6191591620445251,0.4117647111415863,0.447761207818985,0.4135338366031647,0.5,0.5,0.4008152186870575,0.5467267632484436,0.33838900923728943,0.3181585371494293,0.37514737248420715,0.18937763571739197,0.19870933890342712,0.0,0.0,0.09302324801683426,0.0,0.0,-0.2667575776576996,0.0,0.0,0.0625,1.0,1.0,0.739130437374115,0.03661734238266945,0.25838354229927063,0.3460785150527954,0.0,0.0,0.1654135286808014,0.5882353186607361,0.5522388219833374,0.48120301961898804,0.0,0.0,0.0,0.029653720557689667,0.0,0.0,0.0,2.5866711139678955,0.5290233492851257,0.48430076241493225,0.5786563754081726,0.1327226758003235,0.9820218682289124,1.4143527746200562,2.529097318649292,0.026896852999925613,0.1961173564195633,0.41842296719551086,0.6414371728897095,0.7058823704719543,0.28358209133148193,0.7293233275413513,0.029653720557689667,0.07323545217514038,0.24692405760288239,0.6191591620445251,0.9393186569213867,0.5882353186607361,0.5522388219833374,0.48120301961898804,0.37059286236763,0.7029581069946289
48,0.5196067690849304,0.17743107676506042,0.18048012256622314,0.16169556975364685,0.08264646679162979,0.48167893290519714,1.4039216041564941,0.0,0.0,0.0,0.029650354757905006,0.0,0.0,0.0,3.189657211303711,0.2255430817604065,0.9894019961357117,1.5743863582611084,2.7893314361572266,0.03867727518081665,0.2597704827785492,0.5685796737670898,0.8670274019241333,0.029650354757905006,0.4615384638309479,0.5185185074806213,0.5432098507881165,0.5333333611488342,0.5714285969734192,0.5226708054542542,0.2571934461593628,0.2552827000617981,0.23008958995342255,0.2585948705673218,0.07242099195718765,0.08671685308218002,0.5333333611488342,0.4583333432674408,0.6262626647949219,0.05773502588272095,0.15548576414585114,0.04722728580236435,0.4000000059604645,0.3333333432674408,0.6739130616188049,0.6666666865348816,0.8095238208770752,0.37142857909202576,0.23076923191547394,0.3888888955116272,0.5802469253540039,0.5,0.4913420081138611,0.6270186305046082,0.6718429923057556,0.3595878481864929,0.26409393548965454,0.17024502158164978,0.20882369577884674,0.29613250494003296,0.0,0.05714286118745804,0.4333333373069763,0.0,-0.04469901695847511,0.3328196406364441,0.0,0.03030303120613098,0.28260868787765503,1.0,0.9523809552192688,0.9714285731315613,0.11060881614685059,0.24885191023349762,0.364595502614975,0.0,0.03703703731298447,0.17283950746059418,0.7692307829856873,0.6111111044883728,0.5679012537002563,0.48766857385635376,0.47521451115608215,0.5581656694412231,0.38461539149284363,0.2777777910232544,0.654321014881134,0.7692307829856873,0.6111111044883728,0.5679012537002563,0.08264646679162979,0.48167893290519714,1.4039216041564941,1.9682469367980957,0.47058823704719543,0.49253731966018677,0.5338345766067505,0.4214285612106323,0.5153152942657471,0.5427988767623901,0.25732511281967163,0.24450655281543732,0.28185877203941345,0.1225358098745346,0.04955349862575531,0.13968117535114288,0.6086956858634949,0.3928571343421936,0.6172839403152466,0.53993821144104,0.17704659700393677,0.17505992949008942,0.18783167004585266,-0.18232321739196777,0.03379247337579727,0.09712481498718262,0.699999988079071,0.29729729890823364,0.78125,0.1428571492433548,0.7333333492279053,0.30434781312942505,0.07096999138593674,0.2498520314693451,0.6149196028709412,0.4117647111415863,0.447761207818985,0.39849624037742615,0.5,0.5,0.3863224685192108,0.5406862497329712,0.3436170220375061,0.3165391683578491,0.3698652386665344,0.1966341733932495,0.19911496341228485,0.0,0.0,0.09090908616781235,0.0,0.0,-0.29539307951927185,0.0,0.0,0.0625,1.0,1.0,0.7101449370384216,0.041899483650922775,0.2511270046234131,0.35183170437812805,0.0,0.0,0.18045112490653992,0.5882353186607361,0.5522388219833374,0.48120301961898804,0.0,0.0,0.0,0.029649265110492706,0.0,0.0,0.0,2.5810086727142334,0.5390387177467346,0.4794546663761139,0.5813881158828735,0.13244086503982544,0.9779732823371887,1.4122331142425537,2.5226473808288574,0.02660191059112549,0.1962907761335373,0.4168185591697693,0.6397112607955933,0.7647058963775635,0.28358209133148193,0.7368420958518982,0.029649265110492706,0.07096999138593674,0.2498520314693451,0.6149196028709412,0.935741662979126,0.5882353186607361,0.5522388219833374,0.48120301961898804,0.36950036883354187,0.47457945346832275
49,0.44442808628082275,0.12481805682182312,0.16791868209838867,0.15169136226177216,0.09940037876367569,0.5081037878990173,1.0753722190856934,0.0,0.0,0.0,0.029645945876836777,0.0,0.0,0.0,2.9060089588165283,0.09134726971387863,0.9817339777946472,1.535077452659607,2.608158588409424,0.02640937641263008,0.2454027682542801,0.5291696190834045,0.8009817600250244,0.029645945876836777,0.8333333134651184,0.5400000214576721,0.6527777910232544,0.8999999761581421,0.6150793433189392,0.6259258985519409,0.17600148916244507,0.24169491231441498,0.2149442732334137,0.27280673384666443,0.18289686739444733,0.1151120662689209,0.888888955116272,0.5818182229995728,0.7252748012542725,0.6324555277824402,0.21290461719036102,0.2538444697856903,0.800000011920929,0.4444444477558136,0.7333333492279053,1.0,0.7857142686843872,0.5185185074806213,0.1666666716337204,0.3199999928474426,0.5277777910232544,0.5,0.5277777910232544,0.614814817905426,0.63133305311203,0.39242950081825256,0.2853180766105652,0.25349095463752747,0.21490126848220825,0.2491430640220642,0.0,0.10526315867900848,0.4137931168079376,0.0,0.12729376554489136,0.28901365399360657,0.0,0.0555555559694767,0.2666666805744171,1.0,1.0,0.9629629850387573,0.11573877185583115,0.2564145028591156,0.34793928265571594,0.0,0.03999999910593033,0.1805555522441864,0.8333333134651184,0.7200000286102295,0.625,0.5605266094207764,0.49338915944099426,0.5480316877365112,0.6666666865348816,0.3799999952316284,0.6388888955116272,0.8333333134651184,0.7200000286102295,0.625,0.09940037876367569,0.5081037878990173,1.0753722190856934,1.6828763484954834,0.47058823704719543,0.5373134613037109,0.5413534045219421,0.4214285612106323,0.5558558702468872,0.5483469367027283,0.2590389549732208,0.24222829937934875,0.279398649930954,0.09028295427560806,0.05087399482727051,0.14600959420204163,0.6086956858634949,0.47457626461982727,0.6064516305923462,0.5357943773269653,0.1757580041885376,0.1729695349931717,0.18706683814525604,-0.18232321739196777,0.11828852444887161,0.10393647849559784,0.699999988079071,0.37837839126586914,0.734375,0.1428571492433548,0.7333333492279053,0.36231884360313416,0.0655929446220398,0.24843093752861023,0.6193076968193054,0.4117647111415863,0.447761207818985,0.39849624037742615,0.5,0.5,0.3863224685192108,0.5347153544425964,0.3396105170249939,0.3198285400867462,0.37667033076286316,0.18664592504501343,0.20152892172336578,0.0,0.0,0.09090908616781235,0.0,0.0,-0.29539307951927185,0.0,0.0,0.0625,1.0,1.0,0.7101449370384216,0.047266483306884766,0.26111528277397156,0.34915485978126526,0.0,0.0,0.18045112490653992,0.5882353186607361,0.5522388219833374,0.48120301961898804,0.0,0.0,0.0,0.029644854366779327,0.0,0.0,0.0,2.5847740173339844,0.5578281283378601,0.48643943667411804,0.5762260556221008,0.12629573047161102,0.9848368763923645,1.4100170135498047,2.5211496353149414,0.02633347548544407,0.19817252457141876,0.4213281571865082,0.6458341479301453,0.7647058963775635,0.3283582031726837,0.6842105388641357,0.029644854366779327,0.0655929446220398,0.24843093752861023,0.6193076968193054,0.9333316087722778,0.5882353186607361,0.5522388219833374,0.48120301961898804,0.3711977005004883,0.4858538508415222
50,0.49542757868766785,0.17564833164215088,0.16495178639888763,0.15482744574546814,0.09386592358350754,0.3545263707637787,0.6477940678596497,0.0,0.0,0.0,0.029641559347510338,0.0,0.0,0.0,3.1482763290405273,0.24096965789794922,1.0139466524124146,1.7739962339401245,3.0289125442504883,0.04047364369034767,0.27250343561172485,0.6964494585990906,1.0094265937805176,0.029641559347510338,0.625,0.6363636255264282,0.6933333277702332,0.6000000238418579,0.6444892287254333,0.6952346563339233,0.24193333089351654,0.22847914695739746,0.2131498157978058,0.30726656317710876,0.1450895071029663,0.17946743965148926,0.5,0.6428571939468384,0.729411780834198,0.19999998807907104,0.2878202497959137,0.40670284628868103,0.5,0.5806451439857483,0.837837815284729,0.699999988079071,0.7083333134651184,0.5526315569877625,0.625,0.5090909004211426,0.6933333277702332,0.5,0.5645161271095276,0.6895447969436646,0.2943894863128662,0.28782305121421814,0.22124387323856354,0.531625509262085,0.2791686952114105,0.343275785446167,0.0,0.22857142984867096,0.5660377144813538,0.0,0.24641644954681396,0.4626457095146179,0.0,0.12903225421905518,0.4054054021835327,1.0,1.0,0.9736841917037964,0.09337450563907623,0.2928627133369446,0.35005754232406616,0.0,0.072727270424366,0.2133333384990692,0.375,0.5636363625526428,0.4933333396911621,0.5056700706481934,0.5044009685516357,0.5625274181365967,0.375,0.4545454680919647,0.6399999856948853,0.375,0.5636363625526428,0.4933333396911621,0.09386592358350754,0.3545263707637787,0.6477940678596497,1.0961863994598389,0.47058823704719543,0.5373134613037109,0.5112782120704651,0.4214285612106323,0.5558558702468872,0.5204936265945435,0.2597220838069916,0.24189393222332,0.27906739711761475,0.09938234090805054,0.051173135638237,0.13516761362552643,0.6086956858634949,0.47457626461982727,0.6012269854545593,0.5338119268417358,0.17478340864181519,0.17286710441112518,0.18616142868995667,-0.18232321739196777,0.11828852444887161,0.04694690555334091,0.699999988079071,0.37837839126586914,0.765625,0.1428571492433548,0.7333333492279053,0.2753623127937317,0.06318565458059311,0.24598492681980133,0.6117835640907288,0.4117647111415863,0.447761207818985,0.3909774422645569,0.5,0.5,0.3790760934352875,0.5354561805725098,0.33545106649398804,0.31708264350891113,0.36389291286468506,0.17974665760993958,0.23783592879772186,0.0,0.0,0.08988763391971588,0.0,0.0,-0.3092963993549347,0.0,0.0,0.0625,1.0,1.0,0.695652186870575,0.04787178337574005,0.2680145502090454,0.3632461428642273,0.0,0.0,0.18796992301940918,0.5882353186607361,0.5522388219833374,0.48120301961898804,0.0,0.0,0.0,0.02964039519429207,0.0,0.0,0.0,2.577796697616577,0.5699706077575684,0.48614034056663513,0.5878077745437622,0.12477482855319977,0.9819625616073608,1.4031018018722534,2.5098390579223633,0.026676161214709282,0.19799421727657318,0.42104196548461914,0.6457123756408691,0.7647058963775635,0.3283582031726837,0.7443609237670898,0.02964039519429207,0.06318565458059311,0.24598492681980133,0.6117835640907288,0.9209541082382202,0.5882353186607361,0.5522388219833374,0.48120301961898804,0.3774447441101074,0.5166895389556885
51,0.4973606467247009,0.1727118194103241,0.17556782066822052,0.14908097684383392,0.15690724551677704,0.37827688455581665,1.019715428352356,0.0,0.0,0.0,0.029636889696121216,0.0,0.0,0.0,3.3370862007141113,0.3740878999233246,1.0991215705871582,1.6573455333709717,3.1305551528930664,0.04843201860785484,0.32503142952919006,0.6508630514144897,1.0243265628814697,0.029636889696121216,0.5789473652839661,0.5507246255874634,0.662162184715271,0.5852272510528564,0.5653650164604187,0.6310606002807617,0.23742181062698364,0.246919184923172,0.20869240164756775,0.18803130090236664,0.06874604523181915,0.11775926500558853,0.6000000238418579,0.5079365372657776,0.736842155456543,0.16854995489120483,0.1352856606245041,0.27806103229522705,0.5454545617103577,0.42105263471603394,0.7954545617103577,0.625,0.7096773982048035,0.46666666865348816,0.42105263471603394,0.47826087474823,0.6081081032752991,0.5,0.520373523235321,0.6598484516143799,0.41410914063453674,0.3067946434020996,0.2458989918231964,0.4358464479446411,0.2572391927242279,0.2593892216682434,0.0,0.1818181723356247,0.5396825075149536,0.0,0.07193209230899811,0.3593083620071411,0.0,0.10526315867900848,0.3863636255264282,1.0,0.9354838728904724,0.9333333373069763,0.14117681980133057,0.26654738187789917,0.4069705009460449,0.0,0.08695652335882187,0.2567567527294159,0.5789473652839661,0.5507246255874634,0.5945945978164673,0.5255785584449768,0.49479255080223083,0.5727048516273499,0.4736842215061188,0.36231884360313416,0.6891891956329346,0.5789473652839661,0.5507246255874634,0.5945945978164673,0.15690724551677704,0.37827688455581665,1.019715428352356,1.5548995733261108,0.47058823704719543,0.5223880410194397,0.5338345766067505,0.4214285612106323,0.5423423647880554,0.5422328114509583,0.2592971920967102,0.24229955673217773,0.2774025499820709,0.07589045912027359,0.04040589928627014,0.14997394382953644,0.6086956858634949,0.4482758343219757,0.612500011920929,0.5364766120910645,0.1772497445344925,0.17360971868038177,0.18561714887619019,-0.18232321739196777,0.09077741205692291,0.09417980909347534,0.699999988079071,0.3513513505458832,0.765625,0.1428571492433548,0.7333333492279053,0.3188405930995941,0.06754641234874725,0.2576594054698944,0.631754994392395,0.4117647111415863,0.447761207818985,0.39849624037742615,0.5,0.5,0.38575634360313416,0.5484723448753357,0.3477812707424164,0.31518685817718506,0.3756939768791199,0.19953885674476624,0.20365068316459656,0.0,0.0,0.06976743787527084,0.0,0.0,-0.3072584271430969,0.0,0.0,0.046875,1.0,1.0,0.7246376872062683,0.036070749163627625,0.24822238087654114,0.3457793891429901,0.0,0.0,0.1654135286808014,0.5882353186607361,0.5522388219833374,0.48120301961898804,0.0,0.0,0.0,0.02963559702038765,0.0,0.0,0.0,2.567075729370117,0.5464787483215332,0.48198217153549194,0.5811767578125,0.1260005235671997,0.9755333662033081,1.3954371213912964,2.4969711303710938,0.02660553716123104,0.19749318063259125,0.40729573369026184,0.6313944458961487,0.7647058963775635,0.31343284249305725,0.7218044996261597,0.02963559702038765,0.06754641234874725,0.2576594054698944,0.631754994392395,0.9569607973098755,0.5882353186607361,0.5522388219833374,0.48120301961898804,0.3708174228668213,0.549925684928894
52,0.4955151677131653,0.1865057796239853,0.16642001271247864,0.14258939027786255,0.09540536254644394,0.3771020174026489,0.8523334860801697,0.0,0.0,0.0,0.029631836339831352,0.0,0.0,0.0,3.209566354751587,0.33211761713027954,1.041458010673523,1.6649096012115479,3.038485288619995,0.04693237319588661,0.29614952206611633,0.6589187979698181,1.0020006895065308,0.029631836339831352,0.5,0.6491228342056274,0.7567567825317383,0.5,0.6533251404762268,0.7420547008514404,0.27060168981552124,0.22409887611865997,0.19342979788780212,0.18160806596279144,0.16785350441932678,0.21713826060295105,0.5714285373687744,0.5454545617103577,0.800000011920929,0.0,0.3481377065181732,0.5087733864784241,0.5,0.4137931168079376,0.8780487775802612,0.5,0.8928571343421936,0.6060606241226196,0.3888888955116272,0.5789473652839661,0.6486486196517944,0.5416666865348816,0.5862069129943848,0.6829268336296082,0.5362830758094788,0.255799800157547,0.2150932252407074,0.31029990315437317,0.42672091722488403,0.32283902168273926,0.1538461595773697,0.29411762952804565,0.5357142686843872,0.17149858176708221,0.30469363927841187,0.45236048102378845,0.0833333358168602,0.17241379618644714,0.3658536672592163,1.0,1.0,1.0,0.12178365141153336,0.26284492015838623,0.35899457335472107,0.0555555559694767,0.08771929889917374,0.20270270109176636,0.6666666865348816,0.5087719559669495,0.5540540814399719,0.520990252494812,0.48126929998397827,0.5623036026954651,0.5,0.2631579041481018,0.662162184715271,0.6666666865348816,0.5087719559669495,0.5540540814399719,0.09540536254644394,0.3771020174026489,0.8523334860801697,1.3248409032821655,0.47058823704719543,0.5223880410194397,0.5263158082962036,0.4214285612106323,0.5423423647880554,0.5366847515106201,0.26137709617614746,0.24326002597808838,0.28009873628616333,0.13589507341384888,0.05034686625003815,0.14917057752609253,0.6086956858634949,0.4482758343219757,0.6227544546127319,0.5406575202941895,0.18036793172359467,0.17392106354236603,0.18636855483055115,-0.18232321739196777,0.09077741205692291,0.0877104252576828,0.699999988079071,0.3513513505458832,0.8125,0.1428571492433548,0.7333333492279053,0.260869562625885,0.06560755521059036,0.2610406279563904,0.6288024187088013,0.4117647111415863,0.447761207818985,0.39849624037742615,0.5,0.5,0.3863224685192108,0.5444239377975464,0.3481329381465912,0.312378466129303,0.3689931035041809,0.20024514198303223,0.2190762758255005,0.0,0.0,0.09090908616781235,0.0,0.0,-0.29539307951927185,0.0,0.0,0.0625,1.0,1.0,0.7101449370384216,0.0427716001868248,0.24751606583595276,0.35930049419403076,0.0,0.0,0.18045112490653992,0.5882353186607361,0.5522388219833374,0.48120301961898804,0.0,0.0,0.0,0.029630642384290695,0.0,0.0,0.0,2.5912530422210693,0.5329580903053284,0.48340708017349243,0.5901840329170227,0.13883112370967865,0.9813540577888489,1.414920687675476,2.5351057052612305,0.02680426649749279,0.19898560643196106,0.4126867353916168,0.6384766101837158,0.7647058963775635,0.31343284249305725,0.7744361162185669,0.029630642384290695,0.06560755521059036,0.2610406279563904,0.6288024187088013,0.9554505944252014,0.5882353186607361,0.5522388219833374,0.48120301961898804,0.3586461544036865,0.6056405305862427
53,0.48036059737205505,0.1564420908689499,0.17011861503124237,0.1537998914718628,0.10352358222007751,0.5541394948959351,0.8747128844261169,0.0,0.0,0.0,0.02962721884250641,0.0,0.0,0.0,3.073153495788574,0.18851210176944733,0.9891999363899231,1.632103681564331,2.8098158836364746,0.032366763800382614,0.2588026225566864,0.610020637512207,0.9011900424957275,0.02962721884250641,0.7777777910232544,0.625,0.6153846383094788,0.7749999761581421,0.6507936716079712,0.5952380895614624,0.20809315145015717,0.2376803755760193,0.21621432900428772,0.3318970501422882,0.1280772089958191,0.1586126685142517,0.75,0.5714285373687744,0.7058824300765991,0.550000011920929,0.32277655601501465,0.2253744751214981,0.75,0.4444444477558136,0.8571428656578064,0.800000011920929,0.8571428656578064,0.3333333432674408,0.5555555820465088,0.5208333134651184,0.6153846383094788,0.5,0.5740740895271301,0.6408730149269104,0.37442827224731445,0.2796735167503357,0.23847942054271698,0.5286622643470764,0.39627623558044434,0.24425014853477478,0.0,0.25806450843811035,0.4642857015132904,0.0,0.26590800285339355,0.3659988343715668,0.0,0.14814814925193787,0.3095238208770752,1.0,1.0,0.9722222089767456,0.1014220342040062,0.26732537150382996,0.3732122778892517,0.0,0.0833333358168602,0.1794871836900711,0.4444444477558136,0.5625,0.5384615659713745,0.5412243008613586,0.4969228208065033,0.5849685072898865,0.4444444477558136,0.3125,0.7692307829856873,0.4444444477558136,0.5625,0.5384615659713745,0.10352358222007751,0.5541394948959351,0.8747128844261169,1.5323760509490967,0.47058823704719543,0.5373134613037109,0.518796980381012,0.4214285612106323,0.5558558702468872,0.5277400016784668,0.26485705375671387,0.24308958649635315,0.2802795171737671,0.13993901014328003,0.05087670311331749,0.15046106278896332,0.6086956858634949,0.47457626461982727,0.604938268661499,0.5419021248817444,0.1814204901456833,0.17348171770572662,0.18699993193149567,-0.18232321739196777,0.11828852444887161,0.06295126676559448,0.699999988079071,0.37837839126586914,0.765625,0.1428571492433548,0.7333333492279053,0.28985506296157837,0.0709817185997963,0.25669369101524353,0.6387508511543274,0.4117647111415863,0.447761207818985,0.3834586441516876,0.5,0.5,0.37182971835136414,0.551083505153656,0.3428657650947571,0.3153066337108612,0.3754221200942993,0.19142216444015503,0.2363934963941574,0.0,0.0,0.08888888359069824,0.0,0.0,-0.3229634165763855,0.0,0.0,0.0625,1.0,1.0,0.6811594367027283,0.03634257987141609,0.25633907318115234,0.3643462061882019,0.0,0.0,0.19548872113227844,0.5882353186607361,0.5522388219833374,0.48120301961898804,0.0,0.0,0.0,0.02962614968419075,0.0,0.0,0.0,2.614576578140259,0.5442437529563904,0.48643675446510315,0.5861243009567261,0.147206112742424,0.981943666934967,1.4189003705978394,2.5480501651763916,0.027060046792030334,0.19956953823566437,0.42344188690185547,0.6500715017318726,0.7647058963775635,0.3283582031726837,0.7368420958518982,0.02962614968419075,0.0709817185997963,0.25669369101524353,0.6387508511543274,0.9664262533187866,0.5882353186607361,0.5522388219833374,0.48120301961898804,0.35466521978378296,0.5306295156478882
54,0.5199646949768066,0.1843184530735016,0.17586249113082886,0.15978378057479858,0.11203721910715103,0.5247339606285095,1.4110016822814941,0.0,0.0,0.0,0.029622936621308327,0.0,0.0,0.0,3.4914450645446777,0.3085859715938568,1.0772912502288818,1.6858524084091187,3.0717296600341797,0.050682760775089264,0.3166998028755188,0.6710270047187805,1.0384095907211304,0.029622936621308327,0.5555555820465088,0.4399999976158142,0.591549277305603,0.5584415793418884,0.4712643623352051,0.5842607617378235,0.25032785534858704,0.24837498366832733,0.226032555103302,0.3245171904563904,0.07517572492361069,0.11922314763069153,0.5,0.36363640427589417,0.658823549747467,0.11396057158708572,-0.06189844384789467,0.1798916459083557,0.5714285969734192,0.27586206793785095,0.7567567825317383,0.5454545617103577,0.6666666865348816,0.4117647111415863,0.6111111044883728,0.4399999976158142,0.577464759349823,0.5,0.5106732249259949,0.5898251533508301,0.30896008014678955,0.33290043473243713,0.25632810592651367,0.5400004386901855,0.24944302439689636,0.24840421974658966,0.0,0.125,0.42307695746421814,0.0,0.04436343163251877,0.21985101699829102,0.0,0.06896551698446274,0.29729729890823364,1.0,0.9523809552192688,0.8823529481887817,0.09365565329790115,0.2602585256099701,0.37548884749412537,0.0,0.05999999865889549,0.2112676054239273,0.3888888955116272,0.5799999833106995,0.5211267471313477,0.5153518915176392,0.487157940864563,0.5609295964241028,0.5,0.30000001192092896,0.6760563254356384,0.3888888955116272,0.5799999833106995,0.5211267471313477,0.11203721910715103,0.5247339606285095,1.4110016822814941,2.0477728843688965,0.47058823704719543,0.49253731966018677,0.5112782120704651,0.4214285612106323,0.5058558583259583,0.5187953114509583,0.26698213815689087,0.24348990619182587,0.2808316648006439,0.1263742595911026,0.052863236516714096,0.13138368725776672,0.6086956858634949,0.4516129195690155,0.5859872698783875,0.54288250207901,0.1811159998178482,0.17380888760089874,0.18795762956142426,-0.18232321739196777,0.012041683308780193,0.04095643013715744,0.699999988079071,0.37837839126586914,0.71875,0.1428571492433548,0.6333333253860474,0.3188405930995941,0.0708286240696907,0.25116679072380066,0.6482824683189392,0.4117647111415863,0.447761207818985,0.3834586441516876,0.5,0.5,0.3723958432674408,0.5492788553237915,0.33799222111701965,0.3184235095977783,0.3739730417728424,0.18198823928833008,0.24859718978405,0.0,0.0,0.10869564116001129,0.0,0.0,-0.31277763843536377,0.0,0.0,0.078125,1.0,1.0,0.6666666865348816,0.037791658192873,0.2657729387283325,0.374469518661499,0.0,0.0,0.21052631735801697,0.5882353186607361,0.5522388219833374,0.48120301961898804,0.0,0.0,0.0,0.02962178736925125,0.0,0.0,0.0,2.6330926418304443,0.5585525631904602,0.4859456419944763,0.5836363434791565,0.14840850234031677,0.9786950349807739,1.4217498302459717,2.5488533973693848,0.02694012224674225,0.2003180980682373,0.43688905239105225,0.6641472578048706,0.7647058963775635,0.3731343150138855,0.6992481350898743,0.02962178736925125,0.0708286240696907,0.25116679072380066,0.6482824683189392,0.9702779054641724,0.5882353186607361,0.5522388219833374,0.48120301961898804,0.35721245408058167,0.511020839214325
55,0.4867774546146393,0.14942151308059692,0.1778002679347992,0.15955567359924316,0.09754272550344467,0.3931896686553955,0.991053581237793,0.0,0.0,0.0,0.02961832471191883,0.0,0.0,0.0,3.019190549850464,0.2672833800315857,1.018272876739502,1.5345532894134521,2.8201096057891846,0.04050062596797943,0.2655629813671112,0.55784010887146,0.8639037013053894,0.02961832471191883,0.7368420958518982,0.5686274766921997,0.6329113841056824,0.7277777791023254,0.563076913356781,0.6266149878501892,0.18860293924808502,0.24395647644996643,0.22234508395195007,0.2680779993534088,0.10877108573913574,0.11812236160039902,0.6666667461395264,0.3888888955116272,0.6741573214530945,0.48934516310691833,0.15333130955696106,0.25571998953819275,0.5555555820465088,0.2800000011920929,0.6976743936538696,0.8999999761581421,0.8461538553237915,0.5555555820465088,0.5263158082962036,0.5098039507865906,0.5696202516555786,0.5,0.5007691979408264,0.6023901700973511,0.36286020278930664,0.30043938755989075,0.2572145164012909,0.5402803421020508,0.3156568706035614,0.2459639012813568,0.0,0.07407406717538834,0.37037035822868347,0.0,0.0039621442556381226,0.29459336400032043,0.0,0.03999999910593033,0.23255814611911774,1.0,0.9615384340286255,0.9722222089767456,0.07952680438756943,0.23297609388828278,0.33601197600364685,0.0,0.03921568766236305,0.13924050331115723,0.4736842215061188,0.4901960790157318,0.5443037748336792,0.4687640964984894,0.4739920198917389,0.5456646084785461,0.31578946113586426,0.21568627655506134,0.5822784900665283,0.4736842215061188,0.4901960790157318,0.5443037748336792,0.09754272550344467,0.3931896686553955,0.991053581237793,1.4817860126495361,0.47058823704719543,0.5223880410194397,0.518796980381012,0.4214285612106323,0.5391892194747925,0.5266078114509583,0.26571670174598694,0.24409757554531097,0.280890554189682,0.15081578493118286,0.05355232208967209,0.1535615175962448,0.6086956858634949,0.46666666865348816,0.594936728477478,0.5427224040031433,0.17984934151172638,0.17492973804473877,0.18794333934783936,-0.18232321739196777,0.08208569884300232,0.058405954390764236,0.699999988079071,0.37837839126586914,0.734375,0.1428571492433548,0.699999988079071,0.3188405930995941,0.06321047246456146,0.25705990195274353,0.6470084190368652,0.4117647111415863,0.447761207818985,0.37593984603881836,0.5,0.5,0.3645833432674408,0.5347051620483398,0.3453844487667084,0.3158217668533325,0.3589411973953247,0.1916137933731079,0.25461384654045105,0.0,0.0,0.08791208267211914,0.0,0.0,-0.3364200294017792,0.0,0.0,0.0625,1.0,1.0,0.6666666865348816,0.0528235025703907,0.2561473846435547,0.3749125599861145,0.0,0.0,0.2030075192451477,0.5882353186607361,0.5522388219833374,0.48120301961898804,0.0,0.0,0.0,0.02961716055870056,0.0,0.0,0.0,2.6241564750671387,0.5588874816894531,0.48011067509651184,0.5875175595283508,0.14943353831768036,0.9763831496238708,1.4199453592300415,2.545762062072754,0.026815995573997498,0.20078527927398682,0.43234139680862427,0.6599426865577698,0.7647058963775635,0.34328359365463257,0.7067669034004211,0.02961716055870056,0.06321047246456146,0.25705990195274353,0.6470084190368652,0.967278778553009,0.5882353186607361,0.5522388219833374,0.48120301961898804,0.35182103514671326,0.48390036821365356
56,0.5032505989074707,0.17461387813091278,0.17129094898700714,0.15734578669071198,0.0793829932808876,0.3409076929092407,1.1560698747634888,0.0,0.0,0.0,0.02961382269859314,0.0,0.0,0.0,3.0976760387420654,0.3380845785140991,1.0715808868408203,1.4596247673034668,2.869290351867676,0.05396630987524986,0.33112311363220215,0.48629462718963623,0.8713840246200562,0.02961382269859314,0.5714285969734192,0.5744680762290955,0.6486486196517944,0.5416666865348816,0.5754545331001282,0.6308823823928833,0.23175381124019623,0.24152931571006775,0.22201110422611237,0.2513335049152374,0.09542075544595718,0.16757899522781372,0.4000000059604645,0.5833332538604736,0.7234042286872864,0.09128709137439728,0.15063545107841492,0.293743759393692,0.3333333432674408,0.5600000023841858,0.8500000238418579,0.75,0.5909090638160706,0.4117647111415863,0.5714285969734192,0.5106382966041565,0.5675675868988037,0.5,0.5372726917266846,0.595588207244873,0.35617050528526306,0.2986922562122345,0.23148374259471893,0.5579912066459656,0.2662419378757477,0.3021140396595001,0.0,0.20689654350280762,0.38461539149284363,0.0,0.1333025097846985,0.25847432017326355,0.0,0.11999999731779099,0.25,1.0,0.9545454382896423,0.9411764740943909,0.06176561489701271,0.28561875224113464,0.37212690711021423,0.0,0.08510638028383255,0.1621621549129486,0.4285714328289032,0.5319148898124695,0.5405405163764954,0.4565597474575043,0.5092412829399109,0.5668748021125793,0.2857142984867096,0.4893617033958435,0.7297297120094299,0.4285714328289032,0.5319148898124695,0.5405405163764954,0.0793829932808876,0.3409076929092407,1.1560698747634888,1.5763605833053589,0.47058823704719543,0.5671641826629639,0.5413534045219421,0.4214285612106323,0.5765765905380249,0.5494791865348816,0.2648923099040985,0.24310384690761566,0.2810179591178894,0.0794316828250885,0.08154068142175674,0.16283684968948364,0.6086956858634949,0.5538461208343506,0.6163521409034729,0.5416620373725891,0.17980735003948212,0.17369064688682556,0.18816404044628143,-0.18232321739196777,0.1544102430343628,0.10944937914609909,0.699999988079071,0.4864864945411682,0.765625,0.1428571492433548,0.6666666865348816,0.3333333432674408,0.06797876209020615,0.26467156410217285,0.6482384204864502,0.4117647111415863,0.447761207818985,0.3909774422645569,0.5,0.5,0.3790760934352875,0.5449237823486328,0.35033103823661804,0.3152211606502533,0.3699122965335846,0.1964396983385086,0.2405477911233902,0.0,0.0,0.08988763391971588,0.0,0.0,-0.3092963993549347,0.0,0.0,0.0625,1.0,1.0,0.695652186870575,0.041852403432130814,0.2513214945793152,0.36506128311157227,0.0,0.0,0.18796992301940918,0.5882353186607361,0.5522388219833374,0.48120301961898804,0.0,0.0,0.0,0.029612723737955093,0.0,0.0,0.0,2.6316442489624023,0.5500198602676392,0.48562347888946533,0.5847183465957642,0.1513836532831192,0.9862661361694336,1.4269652366638184,2.56461501121521,0.02647680975496769,0.20361076295375824,0.4275791347026825,0.6576666831970215,0.7647058963775635,0.41791045665740967,0.7142857313156128,0.029612723737955093,0.06797876209020615,0.26467156410217285,0.6482384204864502,0.9808887243270874,0.5882353186607361,0.5522388219833374,0.48120301961898804,0.342647910118103,0.6416884660720825
57,0.48256778717041016,0.16297082602977753,0.16629907488822937,0.15329788625240326,0.08797799050807953,0.3074314594268799,0.7038771510124207,0.0,0.0,0.0,0.029609551653265953,0.0,0.0,0.0,3.1215314865112305,0.23573780059814453,1.0705312490463257,1.6476348638534546,2.953903913497925,0.03880904242396355,0.3269246220588684,0.6611444354057312,1.0268781185150146,0.029609551653265953,0.6875,0.6666666865348816,0.6875,0.6875,0.6759259104728699,0.6630434989929199,0.2201906442642212,0.2268103063106537,0.21342143416404724,0.24949079751968384,0.17225560545921326,0.1379602551460266,0.6153846383094788,0.6222221851348877,0.7524752020835876,0.4045199453830719,0.3674972951412201,0.3477766513824463,0.5,0.5185185074806213,0.8260869383811951,0.875,0.8333333134651184,0.5,0.5,0.5882353186607361,0.625,0.5,0.6111111044883728,0.666240394115448,0.40996384620666504,0.2595979571342468,0.23871180415153503,0.5155624151229858,0.42497432231903076,0.32277393341064453,0.0,0.3636363744735718,0.5454545021057129,0.0,0.3442651927471161,0.37957218289375305,0.0,0.2222222238779068,0.3913043439388275,1.0,1.0,0.9411764740943909,0.06879743933677673,0.2718259394168854,0.3730798661708832,0.0,0.11764705926179886,0.25,0.5,0.529411792755127,0.574999988079071,0.5011332035064697,0.49441102147102356,0.5647396445274353,0.3125,0.3529411852359772,0.6875,0.5,0.529411792755127,0.574999988079071,0.08797799050807953,0.3074314594268799,0.7038771510124207,1.0992865562438965,0.47058823704719543,0.5522388219833374,0.5413534045219421,0.4214285612106323,0.5599099397659302,0.5489130616188049,0.26472821831703186,0.24197600781917572,0.2817760705947876,0.16668391227722168,0.06308026611804962,0.16112491488456726,0.6086956858634949,0.5454545617103577,0.6114649772644043,0.5410017967224121,0.17931722104549408,0.17270547151565552,0.18897908926010132,-0.18232321739196777,0.12025395035743713,0.10658540576696396,0.699999988079071,0.4864864945411682,0.75,0.1428571492433548,0.6333333253860474,0.3478260934352875,0.06582881510257721,0.26158249378204346,0.6520655751228333,0.4117647111415863,0.447761207818985,0.39849624037742615,0.5,0.5,0.3868885934352875,0.5421765446662903,0.3473534882068634,0.3164827823638916,0.3671027421951294,0.1909603476524353,0.2416350394487381,0.0,0.0,0.1111111044883728,0.0,0.0,-0.28501805663108826,0.0,0.0,0.078125,1.0,1.0,0.695652186870575,0.04466197267174721,0.2568008601665497,0.37318307161331177,0.0,0.0,0.19548872113227844,0.5882353186607361,0.5522388219833374,0.48120301961898804,0.0,0.0,0.0,0.02960854396224022,0.0,0.0,0.0,2.643582344055176,0.5547013878822327,0.4891585111618042,0.5845405459403992,0.15571732819080353,0.9892507195472717,1.4286822080612183,2.573650360107422,0.02665289118885994,0.20463429391384125,0.4351527690887451,0.666439950466156,0.7647058963775635,0.43283581733703613,0.6992481350898743,0.02960854396224022,0.06582881510257721,0.26158249378204346,0.6520655751228333,0.9794768691062927,0.5882353186607361,0.5522388219833374,0.48120301961898804,0.34158265590667725,0.7102077603340149
58,0.495554655790329,0.16341988742351532,0.177370086312294,0.15476468205451965,0.07592295110225677,0.6005321145057678,1.0394819974899292,0.0,0.0,0.0,0.029605569317936897,0.0,0.0,0.0,2.9647412300109863,0.40147119760513306,0.9647603631019592,1.3953571319580078,2.7615885734558105,0.0502178780734539,0.25437650084495544,0.44502365589141846,0.7496180534362793,0.029605569317936897,0.7647058963775635,0.5319148898124695,0.6190476417541504,0.7571429014205933,0.5409091114997864,0.6041190028190613,0.20970061421394348,0.24512502551078796,0.214162215590477,0.33590829372406006,0.14291760325431824,0.12872129678726196,0.714285671710968,0.4761904776096344,0.686274528503418,0.5142857432365417,0.08496618270874023,0.21986576914787292,0.7142857313156128,0.4000000059604645,0.760869562625885,0.800000011920929,0.6818181872367859,0.44736841320991516,0.5882353186607361,0.5319148898124695,0.6071428656578064,0.5,0.557272732257843,0.6413043737411499,0.31265881657600403,0.3069390654563904,0.23012681305408478,0.5999347567558289,0.31214022636413574,0.37632086873054504,0.0,0.2666666805744171,0.4406779408454895,0.0,0.18537431955337524,0.38891562819480896,0.0,0.1599999964237213,0.28260868787765503,1.0,0.9545454382896423,1.0,0.09550707787275314,0.25597843527793884,0.34661680459976196,0.0,0.10638298094272614,0.1547619104385376,0.4117647111415863,0.5319148898124695,0.5476190447807312,0.4810541272163391,0.49102336168289185,0.5515874028205872,0.4117647111415863,0.3617021143436432,0.6666666865348816,0.4117647111415863,0.5319148898124695,0.5476190447807312,0.07592295110225677,0.6005321145057678,1.0394819974899292,1.7159371376037598,0.47058823704719543,0.5820895433425903,0.5563910007476807,0.4214285612106323,0.5932432413101196,0.5622735619544983,0.2670930027961731,0.2417135089635849,0.280661016702652,0.2337932288646698,0.095271997153759,0.18093998730182648,0.6086956858634949,0.5625,0.6092715263366699,0.5448370575904846,0.182546928524971,0.17290842533111572,0.18938173353672028,-0.18232321739196777,0.1890588402748108,0.13083069026470184,0.699999988079071,0.4864864945411682,0.71875,0.1428571492433548,0.699999988079071,0.4057970941066742,0.06498770415782928,0.26129817962646484,0.6734868884086609,0.4117647111415863,0.447761207818985,0.39849624037742615,0.5,0.5,0.3868885934352875,0.5440099835395813,0.35151582956314087,0.3226737082004547,0.36777427792549133,0.19527500867843628,0.2961585819721222,0.0,0.0,0.1111111044883728,0.0,0.0,-0.28501805663108826,0.0,0.0,0.078125,1.0,1.0,0.695652186870575,0.04399042949080467,0.2524861693382263,0.3633197844028473,0.0,0.0,0.19548872113227844,0.5882353186607361,0.5522388219833374,0.48120301961898804,0.0,0.0,0.0,0.029604554176330566,0.0,0.0,0.0,2.6484220027923584,0.5459795594215393,0.48681753873825073,0.5731750726699829,0.15668778121471405,0.9836254119873047,1.41676664352417,2.557079792022705,0.027116214856505394,0.20598402619361877,0.4374960660934448,0.6705963015556335,0.7647058963775635,0.4029850661754608,0.6541353464126587,0.029604554176330566,0.06498770415782928,0.26129817962646484,0.6734868884086609,0.9997727870941162,0.5882353186607361,0.5522388219833374,0.48120301961898804,0.34033024311065674,0.4112215042114258
59,0.46829789876937866,0.1517971009016037,0.16135798394680023,0.15514282882213593,0.1343001127243042,0.4729756712913513,0.7670661211013794,0.0,0.0,0.0,0.029601484537124634,0.0,0.0,0.0,2.9947032928466797,0.21863621473312378,1.0622977018356323,1.5168379545211792,2.79777193069458,0.040667545050382614,0.3187714219093323,0.5325800180435181,0.8920189738273621,0.029601484537124634,0.7142857313156128,0.6481481194496155,0.6329113841056824,0.7083333730697632,0.677489161491394,0.6236559152603149,0.21158893406391144,0.22655601799488068,0.21699021756649017,0.29215675592422485,0.13787078857421875,0.08467663824558258,0.75,0.6545454859733582,0.6881720423698425,0.4166666269302368,0.3521941602230072,0.24389372766017914,0.75,0.5454545617103577,0.6666666865348816,0.6666666865348816,0.8095238208770752,0.5806451439857483,0.4285714328289032,0.48148149251937866,0.6202531456947327,0.5,0.5670995712280273,0.6817876100540161,0.3368244469165802,0.31521156430244446,0.2575928270816803,0.5237186551094055,0.23756420612335205,0.2732961177825928,0.0,0.30000001192092896,0.5588235855102539,0.0,0.19476833939552307,0.40827688574790955,0.0,0.1818181872367859,0.3958333432674408,1.0,0.9523809552192688,0.9677419066429138,0.1687125861644745,0.28551843762397766,0.37499409914016724,0.0,0.12962962687015533,0.2531645596027374,0.5714285969734192,0.6111111044883728,0.607594907283783,0.5466312766075134,0.5102773308753967,0.5487454533576965,0.5714285969734192,0.40740740299224854,0.5696202516555786,0.5714285969734192,0.6111111044883728,0.607594907283783,0.1343001127243042,0.4729756712913513,0.7670661211013794,1.3743419647216797,0.47058823704719543,0.5671641826629639,0.5639097690582275,0.4214285612106323,0.5797297358512878,0.5683876872062683,0.26981014013290405,0.24257293343544006,0.28191858530044556,0.23216715455055237,0.08151672035455704,0.1911335438489914,0.6086956858634949,0.5396825075149536,0.6027397513389587,0.5492038726806641,0.18535493314266205,0.1735459417104721,0.1903030276298523,-0.18232321739196777,0.16271710395812988,0.14054985344409943,0.699999988079071,0.45945945382118225,0.6875,0.1428571492433548,0.699999988079071,0.4492753744125366,0.07120995223522186,0.26092347502708435,0.686496376991272,0.4117647111415863,0.447761207818985,0.3909774422645569,0.5,0.5,0.3802083432674408,0.5532352924346924,0.3540046215057373,0.3237590193748474,0.3766575753688812,0.19865956902503967,0.2524937093257904,0.0,0.0,0.12903225421905518,0.0,0.0,-0.2899048328399658,0.0,0.0,0.09375,1.0,1.0,0.6666666865348816,0.03510712459683418,0.24910160899162292,0.36779963970184326,0.0,0.0,0.21804511547088623,0.5882353186607361,0.5522388219833374,0.48120301961898804,0.0,0.0,0.0,0.029600512236356735,0.0,0.0,0.0,2.66392183303833,0.5403954386711121,0.48564741015434265,0.5707547068595886,0.16412384808063507,0.9796274900436401,1.419762134552002,2.5635135173797607,0.027255116030573845,0.20646990835666656,0.44137921929359436,0.6751042604446411,0.7647058963775635,0.38805970549583435,0.61654132604599,0.029600512236356735,0.07120995223522186,0.26092347502708435,0.686496376991272,1.018629789352417,0.5882353186607361,0.5522388219833374,0.48120301961898804,0.3355920910835266,0.5655561685562134
60,0.46877455711364746,0.1473400741815567,0.1743754744529724,0.14705902338027954,0.07234419137239456,0.5293875932693481,0.8430437445640564,0.0,0.0,0.0,0.029597481712698936,0.0,0.0,0.0,3.0134286880493164,0.2316364347934723,1.1397465467453003,1.4343191385269165,2.8057022094726562,0.04108685627579689,0.36956948041915894,0.4741775691509247,0.8848339319229126,0.029597481712698936,0.800000011920929,0.5161290168762207,0.7164179086685181,0.7946428656578064,0.5460317730903625,0.6928312182426453,0.20415765047073364,0.2409646213054657,0.20210573077201843,0.3686850368976593,0.035811565816402435,0.1484745442867279,0.8235294222831726,0.42307692766189575,0.7764706015586853,0.6000992059707642,0.10232285410165787,0.4175747334957123,0.875,0.3142857253551483,0.8684210777282715,0.7142857313156128,0.7777777910232544,0.517241358757019,0.46666666865348816,0.5161290168762207,0.611940324306488,0.5,0.5714285969734192,0.6497277617454529,0.36136671900749207,0.30636802315711975,0.22935175895690918,0.3930644690990448,0.3065916895866394,0.3123508095741272,0.0,0.25,0.5185185074806213,0.0,0.26013296842575073,0.34799906611442566,0.0,0.1428571492433548,0.3684210479259491,1.0,1.0,0.931034505367279,0.1474032998085022,0.2495879977941513,0.37497013807296753,0.0,0.08064515888690948,0.23880596458911896,0.5333333611488342,0.5645161271095276,0.5671641826629639,0.5728740096092224,0.48031744360923767,0.5679433345794678,0.6000000238418579,0.27419355511665344,0.7014925479888916,0.5333333611488342,0.5645161271095276,0.5671641826629639,0.07234419137239456,0.5293875932693481,0.8430437445640564,1.4447755813598633,0.47058823704719543,0.5074626803398132,0.5413534045219421,0.4214285612106323,0.5288288593292236,0.5466485619544983,0.2671027183532715,0.24400010704994202,0.2809062898159027,0.23286721110343933,0.033049434423446655,0.1665864884853363,0.6086956858634949,0.42105263471603394,0.5906040668487549,0.5489801168441772,0.18406015634536743,0.17539231479167938,0.18952760100364685,-0.18232321739196777,0.06265483051538467,0.09706274420022964,0.699999988079071,0.3243243098258972,0.6875,0.1428571492433548,0.7333333492279053,0.4057970941066742,0.07269656658172607,0.2621162533760071,0.6961752772331238,0.4117647111415863,0.447761207818985,0.3834586441516876,0.5,0.5,0.37182971835136414,0.5593955516815186,0.3559020459651947,0.3190004527568817,0.38151130080223083,0.20668397843837738,0.30187445878982544,0.0,0.0,0.08888888359069824,0.0,0.0,-0.3229634165763855,0.0,0.0,0.0625,1.0,1.0,0.6811594367027283,0.03025341033935547,0.2410772293806076,0.36252036690711975,0.0,0.0,0.19548872113227844,0.5882353186607361,0.5522388219833374,0.48120301961898804,0.0,0.0,0.0,0.02959648333489895,0.0,0.0,0.0,2.6345748901367188,0.5358620285987854,0.4773993492126465,0.5721983313560486,0.1689998358488083,0.9593751430511475,1.4008007049560547,2.5291757583618164,0.02752220444381237,0.20051632821559906,0.42728567123413086,0.6553242206573486,0.7647058963775635,0.2985074520111084,0.6390977501869202,0.02959648333489895,0.07269656658172607,0.2621162533760071,0.6961752772331238,1.030988097190857,0.5882353186607361,0.5522388219833374,0.48120301961898804,0.34883421659469604,0.788195013999939
61,0.527100682258606,0.1947769820690155,0.17446869611740112,0.15785500407218933,0.13339576125144958,0.6677539944648743,1.3769395351409912,0.0,0.0,0.0,0.029593585059046745,0.0,0.0,0.0,3.181641101837158,0.2213958203792572,1.0108821392059326,1.4489091634750366,2.681187152862549,0.0389740951359272,0.2898105978965759,0.5079803466796875,0.8367650508880615,0.029593585059046745,0.4615384638309479,0.5614035129547119,0.6710526347160339,0.5249999761581421,0.578163743019104,0.663165271282196,0.26232078671455383,0.24266815185546875,0.2191329449415207,0.29696255922317505,0.07313379645347595,0.14227095246315002,0.3636363744735718,0.4897959232330322,0.7126436829566956,0.05773502588272095,0.1675075888633728,0.3301678001880646,0.25,0.3870967626571655,0.738095223903656,0.800000011920929,0.7692307829856873,0.5882353186607361,0.38461539149284363,0.4912280738353729,0.5657894611358643,0.5,0.5291563272476196,0.6015406250953674,0.49357736110687256,0.30903029441833496,0.26202353835105896,0.35955876111984253,0.25536543130874634,0.30759069323539734,0.0,0.17142856121063232,0.4000000059604645,0.0,0.1137005090713501,0.2681587338447571,0.0,0.09677419066429138,0.261904776096344,1.0,0.9615384340286255,0.9411764740943909,0.09875806421041489,0.27188366651535034,0.3486999273300171,0.0,0.07017543911933899,0.17105263471603394,0.6153846383094788,0.5438596606254578,0.5526315569877625,0.44556331634521484,0.48826974630355835,0.541875422000885,0.23076923191547394,0.31578946113586426,0.5921052694320679,0.6153846383094788,0.5438596606254578,0.5526315569877625,0.13339576125144958,0.6677539944648743,1.3769395351409912,2.178089141845703,0.47058823704719543,0.5522388219833374,0.548872172832489,0.4214285612106323,0.566216230392456,0.555027186870575,0.2663615047931671,0.24342477321624756,0.2816360592842102,0.16709333658218384,0.0685863047838211,0.16504038870334625,0.6086956858634949,0.5161290764808655,0.6052631735801697,0.5456699132919312,0.18193542957305908,0.17429229617118835,0.18944218754768372,-0.18232321739196777,0.1361636519432068,0.1162181943655014,0.699999988079071,0.4324324429035187,0.71875,0.1428571492433548,0.699999988079071,0.3913043439388275,0.06803383678197861,0.2637731730937958,0.7005720734596252,0.4117647111415863,0.447761207818985,0.39849624037742615,0.5,0.5,0.38745471835136414,0.552570104598999,0.35090744495391846,0.3145127594470978,0.37374281883239746,0.19795763492584229,0.28264671564102173,0.0,0.0,0.1304347664117813,0.0,0.0,-0.27586600184440613,0.0,0.0,0.09375,1.0,1.0,0.6811594367027283,0.03802190721035004,0.2498035430908203,0.3728846311569214,0.0,0.0,0.21052631735801697,0.5882353186607361,0.5522388219833374,0.48120301961898804,0.0,0.0,0.0,0.029592564329504967,0.0,0.0,0.0,2.6472160816192627,0.5454782843589783,0.4836524724960327,0.5786039233207703,0.17140278220176697,0.9688709378242493,1.4136570692062378,2.5539307594299316,0.02728320099413395,0.20224638283252716,0.4293690025806427,0.6588985919952393,0.7647058963775635,0.3731343150138855,0.6616541147232056,0.029592564329504967,0.06803383678197861,0.2637731730937958,0.7005720734596252,1.032379150390625,0.5882353186607361,0.5522388219833374,0.48120301961898804,0.3429640829563141,0.453037291765213
62,0.4797901511192322,0.15693029761314392,0.17781876027584076,0.1450411081314087,0.08661194890737534,0.2562689185142517,0.6654112339019775,0.0,0.0,0.0,0.029589615762233734,0.0,0.0,0.0,2.9801573753356934,0.28238821029663086,1.0139511823654175,1.5947747230529785,2.8911142349243164,0.042859259992837906,0.27731677889823914,0.6204533576965332,0.9406293630599976,0.029589615762233734,0.6875,0.6071428656578064,0.746835470199585,0.6636363863945007,0.5923076868057251,0.7409909963607788,0.19057978689670563,0.24178381264209747,0.19590647518634796,0.4215944707393646,0.1315092146396637,0.1964622288942337,0.5454545617103577,0.4761904776096344,0.7777777910232544,0.3133397698402405,0.20380985736846924,0.4925551414489746,0.6000000238418579,0.38461539149284363,0.8333333134651184,0.7272727489471436,0.800000011920929,0.6486486196517944,0.6875,0.5892857313156128,0.6202531456947327,0.5,0.557692289352417,0.6412484049797058,0.25549209117889404,0.26097163558006287,0.2236001044511795,0.671261191368103,0.4136969745159149,0.35740017890930176,0.0,0.2068965584039688,0.4642857015132904,0.0,0.2555622160434723,0.3691631257534027,0.0,0.11538461595773697,0.3095238208770752,1.0,1.0,0.9729729890823364,0.07993195205926895,0.23846732079982758,0.3277546763420105,0.0,0.0535714291036129,0.17721518874168396,0.3125,0.4642857015132904,0.5316455960273743,0.46449825167655945,0.4756336510181427,0.5503731966018677,0.375,0.2857142984867096,0.607594907283783,0.3125,0.4642857015132904,0.5316455960273743,0.08661194890737534,0.2562689185142517,0.6654112339019775,1.0082920789718628,0.47058823704719543,0.5373134613037109,0.548872172832489,0.4214285612106323,0.5495495796203613,0.5555933117866516,0.26661884784698486,0.24361929297447205,0.28236380219459534,0.2176957130432129,0.052785247564315796,0.16010233759880066,0.6086956858634949,0.5079364776611328,0.6103895902633667,0.5452491641044617,0.1810278594493866,0.17432774603366852,0.18989354372024536,-0.18232321739196777,0.1011236235499382,0.11877129226922989,0.699999988079071,0.4324324429035187,0.734375,0.1428571492433548,0.6666666865348816,0.37681159377098083,0.0702238380908966,0.26466047763824463,0.7092711925506592,0.4117647111415863,0.447761207818985,0.4285714328289032,0.5,0.5,0.41870471835136414,0.5556749701499939,0.35014182329177856,0.31203851103782654,0.3769204914569855,0.19492152333259583,0.308197945356369,0.0,0.0,0.2083333283662796,0.0,0.0,-0.190052792429924,0.0,0.0,0.15625,1.0,1.0,0.6811594367027283,0.034844230860471725,0.25283968448638916,0.38505619764328003,0.0,0.0,0.24060150980949402,0.5882353186607361,0.5522388219833374,0.48120301961898804,0.0,0.0,0.0,0.02958867698907852,0.0,0.0,0.0,2.664938449859619,0.5526766180992126,0.48452815413475037,0.5833417773246765,0.17687946557998657,0.9717490673065186,1.4203951358795166,2.569023609161377,0.02754015289247036,0.20474772155284882,0.4341363310813904,0.6664242148399353,0.7647058963775635,0.38805970549583435,0.6766917109489441,0.02958867698907852,0.0702238380908966,0.26466047763824463,0.7092711925506592,1.044155478477478,0.5882353186607361,0.5522388219833374,0.48120301961898804,0.33521756529808044,0.5393407940864563
63,0.49482661485671997,0.1735171228647232,0.16518950462341309,0.15612001717090607,0.10959440469741821,0.3893871307373047,0.9243601560592651,0.0,0.0,0.0,0.029585808515548706,0.0,0.0,0.0,2.788331985473633,0.16669362783432007,0.9793139696121216,1.3547381162643433,2.5007457733154297,0.030743082985281944,0.3176032602787018,0.41509556770324707,0.7634419202804565,0.029585808515548706,0.692307710647583,0.6545454263687134,0.6455696225166321,0.7124999761581421,0.6699999570846558,0.635064959526062,0.24201463162899017,0.22576217353343964,0.21423469483852386,0.3502621054649353,0.16090908646583557,0.12650565803050995,0.7142857313156128,0.6122449040412903,0.6956521272659302,0.41475749015808105,0.3560258150100708,0.274809330701828,0.625,0.5,0.7272727489471436,0.800000011920929,0.8399999737739563,0.5428571701049805,0.38461539149284363,0.5272727012634277,0.5443037748336792,0.5,0.5666666626930237,0.5879870057106018,0.49051815271377563,0.3124692440032959,0.25825035572052,0.4024341106414795,0.31812912225723267,0.3313923478126526,0.0,0.2352941334247589,0.3333333134651184,0.0,0.2556549906730652,0.26289623975753784,0.0,0.13333334028720856,0.20454545319080353,1.0,1.0,0.9714285731315613,0.11717517673969269,0.22631610929965973,0.31165382266044617,0.0,0.072727270424366,0.1265822798013687,0.6153846383094788,0.5454545617103577,0.5569620132446289,0.515755295753479,0.4936363697052002,0.5366194248199463,0.4615384638309479,0.34545454382896423,0.607594907283783,0.6153846383094788,0.5454545617103577,0.5569620132446289,0.10959440469741821,0.3893871307373047,0.9243601560592651,1.4233417510986328,0.47058823704719543,0.5522388219833374,0.5639097690582275,0.4214285612106323,0.5599099397659302,0.568953812122345,0.2710496783256531,0.2435358762741089,0.2835584282875061,0.16780222952365875,0.0635908767580986,0.18569594621658325,0.6086956858634949,0.5454545617103577,0.6081081032752991,0.5499273538589478,0.18441079556941986,0.17375971376895905,0.19175682961940765,-0.18232321739196777,0.12025395035743713,0.142845019698143,0.699999988079071,0.4864864945411682,0.703125,0.1428571492433548,0.6333333253860474,0.43478259444236755,0.07344955950975418,0.2680387496948242,0.7336797118186951,0.4117647111415863,0.447761207818985,0.4285714328289032,0.5,0.5,0.41870471835136414,0.5564600229263306,0.35552093386650085,0.31792619824409485,0.3779512047767639,0.2016332596540451,0.3102739155292511,0.0,0.0,0.2083333283662796,0.0,0.0,-0.190052792429924,0.0,0.0,0.15625,1.0,1.0,0.6811594367027283,0.03381350636482239,0.24908973276615143,0.3803928792476654,0.0,0.0,0.24060150980949402,0.5882353186607361,0.5522388219833374,0.48120301961898804,0.0,0.0,0.0,0.02958492748439312,0.0,0.0,0.0,2.7017323970794678,0.5493524074554443,0.4886479675769806,0.5711999535560608,0.18553853034973145,0.9780625104904175,1.4292049407958984,2.592805862426758,0.02788121998310089,0.20964041352272034,0.4454350471496582,0.6829566955566406,0.7647058963775635,0.43283581733703613,0.6315789222717285,0.02958492748439312,0.07344955950975418,0.2680387496948242,0.7336797118186951,1.0751680135726929,0.5882353186607361,0.5522388219833374,0.48120301961898804,0.3159995675086975,0.682161808013916
64,0.48124533891677856,0.16298946738243103,0.16875037550926208,0.14950549602508545,0.09448730945587158,0.6490079164505005,0.7486164569854736,0.0,0.0,0.0,0.02958223596215248,0.0,0.0,0.0,2.8608760833740234,0.32582491636276245,0.9029335379600525,1.4273544549942017,2.6561129093170166,0.046234507113695145,0.2319680005311966,0.4920530617237091,0.7702555656433105,0.02958223596215248,0.6875,0.6808510422706604,0.7352941036224365,0.718181848526001,0.6775362491607666,0.7253705263137817,0.21417804062366486,0.22879533469676971,0.20209619402885437,0.2894660234451294,0.19111670553684235,0.19790329039096832,0.6153846383094788,0.6153846383094788,0.7750000357627869,0.4045199453830719,0.3745809495449066,0.4655910134315491,0.800000011920929,0.52173912525177,0.837837815284729,0.6363636255264282,0.8333333134651184,0.6129032373428345,0.6875,0.5957446694374084,0.6176470518112183,0.5,0.5869565010070801,0.6460331082344055,0.24202674627304077,0.26819780468940735,0.23332147300243378,0.6470475792884827,0.4312458038330078,0.3370320796966553,0.0,0.29629629850387573,0.47999995946884155,0.0,0.31155696511268616,0.3699219524860382,0.0,0.17391304671764374,0.3243243098258972,1.0,1.0,0.9677419066429138,0.10416319966316223,0.24010136723518372,0.34192755818367004,0.0,0.08510638028383255,0.19117647409439087,0.3125,0.4893617033958435,0.5441176295280457,0.5170524716377258,0.48973432183265686,0.5373908281326294,0.5,0.3404255211353302,0.6323529481887817,0.3125,0.4893617033958435,0.5441176295280457,0.09448730945587158,0.6490079164505005,0.7486164569854736,1.4921116828918457,0.47058823704719543,0.5671641826629639,0.5413534045219421,0.4214285612106323,0.5797297358512878,0.547214686870575,0.2712334394454956,0.24524341523647308,0.2835463285446167,0.16558369994163513,0.08246702700853348,0.1647471785545349,0.6086956858634949,0.5396825075149536,0.5960264801979065,0.5523838996887207,0.1852419227361679,0.17523860931396484,0.19190333783626556,-0.18232321739196777,0.16271710395812988,0.09919344633817673,0.699999988079071,0.45945945382118225,0.703125,0.1428571492433548,0.699999988079071,0.3913043439388275,0.06583236902952194,0.26539430022239685,0.7386445999145508,0.4117647111415863,0.447761207818985,0.4285714328289032,0.5,0.5,0.41870471835136414,0.549075186252594,0.35739433765411377,0.3194214701652527,0.3685356080532074,0.20077702403068542,0.31883877515792847,0.0,0.0,0.2083333283662796,0.0,0.0,-0.190052792429924,0.0,0.0,0.15625,1.0,1.0,0.6811594367027283,0.0432291179895401,0.24846407771110535,0.3797231912612915,0.0,0.0,0.24060150980949402,0.5882353186607361,0.5522388219833374,0.48120301961898804,0.0,0.0,0.0,0.029581326991319656,0.0,0.0,0.0,2.6935346126556396,0.5445156097412109,0.4846971929073334,0.5751165151596069,0.1790502965450287,0.972993791103363,1.4243699312210083,2.576414108276367,0.027950724586844444,0.20970267057418823,0.4448692798614502,0.6825226545333862,0.7647058963775635,0.38805970549583435,0.6541353464126587,0.029581326991319656,0.06583236902952194,0.26539430022239685,0.7386445999145508,1.0698713064193726,0.5882353186607361,0.5522388219833374,0.48120301961898804,0.3158910274505615,0.507554292678833
65,0.4892071485519409,0.1820116937160492,0.17215466499328613,0.1350407898426056,0.10073810815811157,0.3307090997695923,1.2130482196807861,0.0,0.0,0.0,0.029578644782304764,0.0,0.0,0.0,2.7258353233337402,0.1903550773859024,0.8673780560493469,1.3569610118865967,2.414694309234619,0.04008079692721367,0.23220990598201752,0.40702053904533386,0.6793112754821777,0.029578644782304764,0.5,0.5581395626068115,0.7361111044883728,0.5,0.6397435665130615,0.7229787111282349,0.262620210647583,0.2448619306087494,0.18442721664905548,0.128633052110672,0.12415927648544312,0.1724521517753601,0.5454545617103577,0.5777778029441833,0.7912087440490723,0.0,0.26932060718536377,0.43551889061927795,0.6000000238418579,0.4333333373069763,0.7659574747085571,0.4000000059604645,0.8461538553237915,0.6800000071525574,0.5,0.41860464215278625,0.5694444179534912,0.5,0.5615384578704834,0.6702127456665039,0.3579593300819397,0.3824731707572937,0.25128355622291565,0.4963998794555664,0.2830113470554352,0.3064701557159424,0.0,0.3243243396282196,0.5079364776611328,0.0,0.1531118005514145,0.38984060287475586,0.0,0.20000000298023224,0.3404255211353302,1.0,0.9230769276618958,1.0,0.1740472912788391,0.258663147687912,0.36851659417152405,0.0,0.1627907007932663,0.2222222238779068,0.5,0.6976743936538696,0.6527777910232544,0.5450286865234375,0.49290087819099426,0.5636589527130127,0.6000000238418579,0.3488371968269348,0.6111111044883728,0.5,0.6976743936538696,0.6527777910232544,0.10073810815811157,0.3307090997695923,1.2130482196807861,1.6444954872131348,0.47058823704719543,0.5373134613037109,0.548872172832489,0.4214285612106323,0.5527026653289795,0.5544610619544983,0.2704760432243347,0.24729084968566895,0.28368356823921204,0.13463149964809418,0.05773076415061951,0.17306974530220032,0.6086956858634949,0.4918033182621002,0.6000000238418579,0.5549814701080322,0.185723215341568,0.17709891498088837,0.19215935468673706,-0.18232321739196777,0.10931620001792908,0.11384982615709305,0.699999988079071,0.4054054021835327,0.703125,0.1428571492433548,0.699999988079071,0.4057970941066742,0.07013032585382462,0.26285669207572937,0.7462970018386841,0.4117647111415863,0.447761207818985,0.42105263471603394,0.5,0.5,0.41089221835136414,0.556876540184021,0.3582119047641754,0.31995436549186707,0.3768962323665619,0.20180445909500122,0.3256118595600128,0.0,0.0,0.18947367370128632,0.0,0.0,-0.21061013638973236,0.0,0.0,0.140625,1.0,1.0,0.6811594367027283,0.03486849367618561,0.24595676362514496,0.37070149183273315,0.0,0.0,0.23308271169662476,0.5882353186607361,0.5522388219833374,0.48120301961898804,0.0,0.0,0.0,0.029577814042568207,0.0,0.0,0.0,2.684809684753418,0.5364864468574524,0.47958260774612427,0.5760712623596191,0.17734000086784363,0.9640129208564758,1.4166425466537476,2.557995319366455,0.02787083387374878,0.20822148025035858,0.439976304769516,0.6760686039924622,0.7647058963775635,0.35820895433425903,0.646616518497467,0.029577814042568207,0.07013032585382462,0.26285669207572937,0.7462970018386841,1.0792839527130127,0.5882353186607361,0.5522388219833374,0.48120301961898804,0.31931376457214355,0.5140994787216187
66,0.5191366076469421,0.20726147294044495,0.16663934290409088,0.1452357918024063,0.12954488396644592,0.6172494292259216,1.4338151216506958,0.0,0.0,0.0,0.02957519330084324,0.0,0.0,0.0,3.263375997543335,0.3066253364086151,0.8847125768661499,1.5427213907241821,2.7340593338012695,0.04385996609926224,0.24663932621479034,0.6158033609390259,0.9063026905059814,0.02957519330084324,0.5,0.52173912525177,0.6944444179534912,0.5333333611488342,0.5935484170913696,0.6592592597007751,0.2843729555606842,0.23516976833343506,0.2001032829284668,0.2467142939567566,0.14931713044643402,0.15386298298835754,0.5,0.52173912525177,0.7659574747085571,0.06666666269302368,0.18709677457809448,0.33072030544281006,0.4000000059604645,0.3870967626571655,0.800000011920929,0.6666666865348816,0.800000011920929,0.5185185074806213,0.375,0.45652174949645996,0.5972222089767456,0.5,0.5795698761940002,0.6703703999519348,0.5715579986572266,0.3640051782131195,0.25280752778053284,0.3415282368659973,0.26285362243652344,0.3115003705024719,0.0,0.3589743375778198,0.5396825671195984,0.0,0.19681963324546814,0.38095971941947937,0.0,0.22580644488334656,0.3777777850627899,1.0,0.9333333373069763,0.9629629850387573,0.07843173295259476,0.27555808424949646,0.3620241582393646,0.0,0.17391304671764374,0.25,0.625,0.6739130616188049,0.625,0.46189814805984497,0.495789110660553,0.5583088397979736,0.375,0.32608696818351746,0.6805555820465088,0.625,0.6739130616188049,0.625,0.12954488396644592,0.6172494292259216,1.4338151216506958,2.1806094646453857,0.529411792755127,0.5223880410194397,0.5413534045219421,0.4928571581840515,0.5328828692436218,0.547214686870575,0.2716556787490845,0.2462763786315918,0.28401118516921997,0.18607470393180847,0.035730548202991486,0.1676296591758728,0.6363636255264282,0.5,0.5960264801979065,0.55577552318573,0.1879999339580536,0.1755427122116089,0.1922328770160675,-0.015430334955453873,0.0666729211807251,0.09919344633817673,0.699999988079071,0.4324324429035187,0.703125,0.2857142984867096,0.6333333253860474,0.3913043439388275,0.07132521271705627,0.26014381647109985,0.7525761723518372,0.4117647111415863,0.447761207818985,0.4135338366031647,0.5,0.5,0.40307971835136414,0.5614793300628662,0.3577841520309448,0.32221025228500366,0.3814493417739868,0.2005002200603485,0.32227349281311035,0.0,0.0,0.1702127754688263,0.0,0.0,-0.23172879219055176,0.0,0.0,0.125,1.0,1.0,0.6811594367027283,0.03031538426876068,0.24726098775863647,0.3674898147583008,0.0,0.0,0.2255639135837555,0.5882353186607361,0.5522388219833374,0.48120301961898804,0.0,0.0,0.0,0.029574312269687653,0.0,0.0,0.0,2.6811587810516357,0.52449631690979,0.4866575002670288,0.5735994577407837,0.17381970584392548,0.9613819718360901,1.413437008857727,2.5486388206481934,0.027693748474121094,0.20818780362606049,0.4382680058479309,0.6741495728492737,0.7058823704719543,0.4029850661754608,0.6541353464126587,0.029574312269687653,0.07132521271705627,0.26014381647109985,0.7525761723518372,1.084045171737671,0.5882353186607361,0.5522388219833374,0.48120301961898804,0.3230505585670471,0.3888835608959198
67,0.4703516662120819,0.15710030496120453,0.17073951661586761,0.14251184463500977,0.08692444115877151,0.4989791214466095,1.1483105421066284,0.0,0.0,0.0,0.02957162819802761,0.0,0.0,0.0,2.8011417388916016,0.20707909762859344,0.9258843660354614,1.3214988708496094,2.4544622898101807,0.03499213233590126,0.2608581781387329,0.4315265119075775,0.7273768186569214,0.02957162819802761,0.7222222089767456,0.6470588445663452,0.7792207598686218,0.7467532157897949,0.6552795171737671,0.7757452726364136,0.213474303483963,0.239237442612648,0.18832428753376007,0.26286211609840393,0.1883542537689209,0.2325463891029358,0.7368420958518982,0.64000004529953,0.800000011920929,0.484164834022522,0.3120158910751343,0.5560295581817627,0.6363636255264282,0.5714285969734192,0.8292682766914368,0.8571428656578064,0.739130437374115,0.7222222089767456,0.3888888955116272,0.47058823704719543,0.6623376607894897,0.5,0.5100931525230408,0.6795392632484436,0.46009254455566406,0.2787944972515106,0.19910213351249695,0.3561795949935913,0.40356066823005676,0.3875972628593445,0.0,0.1818181872367859,0.5666666626930237,0.0,0.033778201788663864,0.4155678153038025,0.0,0.1071428582072258,0.4146341383457184,1.0,0.9130434989929199,0.9444444179534912,0.10912930965423584,0.27083832025527954,0.36400339007377625,0.0,0.09803921729326248,0.2467532455921173,0.6111111044883728,0.5490196347236633,0.5324675440788269,0.4907247722148895,0.5016559362411499,0.5466744303703308,0.4444444477558136,0.4313725531101227,0.5714285969734192,0.6111111044883728,0.5490196347236633,0.5324675440788269,0.08692444115877151,0.4989791214466095,1.1483105421066284,1.7342140674591064,0.47058823704719543,0.5820895433425903,0.548872172832489,0.4214285612106323,0.5900900959968567,0.5555933117866516,0.26996350288391113,0.24519695341587067,0.2875148355960846,0.13751108944416046,0.0937332883477211,0.1743125021457672,0.6086956858634949,0.5757575631141663,0.6103895902633667,0.5530540347099304,0.1849457323551178,0.17475789785385132,0.1933504045009613,-0.18232321739196777,0.18083301186561584,0.11877129226922989,0.699999988079071,0.5135135054588318,0.734375,0.1428571492433548,0.6666666865348816,0.37681159377098083,0.06498421728610992,0.2589658498764038,0.7563933730125427,0.4117647111415863,0.447761207818985,0.451127827167511,0.5,0.5,0.4438405930995941,0.5513771176338196,0.3559357225894928,0.31675049662590027,0.36965465545654297,0.1969480961561203,0.3062348961830139,0.0,0.0,0.3047618865966797,0.0,0.0,-0.12152940034866333,0.0,0.0,0.25,1.0,1.0,0.6376811861991882,0.04211006313562393,0.2508130967617035,0.40543848276138306,0.0,0.0,0.308270663022995,0.5882353186607361,0.5522388219833374,0.48120301961898804,0.0,0.0,0.0,0.029570799320936203,0.0,0.0,0.0,2.7143049240112305,0.5387082695960999,0.48835623264312744,0.5859611630439758,0.18473221361637115,0.9683951139450073,1.43755042552948,2.5906777381896973,0.028092756867408752,0.21090765297412872,0.4528610408306122,0.6918614506721497,0.7647058963775635,0.43283581733703613,0.6766917109489441,0.029570799320936203,0.06498421728610992,0.2589658498764038,0.7563933730125427,1.08034348487854,0.5882353186607361,0.5522388219833374,0.48120301961898804,0.3143024444580078,0.36813950538635254
68,0.44995707273483276,0.13583722710609436,0.17390041053295135,0.14021943509578705,0.13910269737243652,0.4507100284099579,1.312690258026123,0.0,0.0,0.0,0.02956835925579071,0.0,0.0,0.0,2.85490083694458,0.3561275899410248,0.9091402292251587,1.2883654832839966,2.553633213043213,0.046192578971385956,0.2585532069206238,0.399671345949173,0.7044171094894409,0.02956835925579071,0.8125,0.5185185074806213,0.726190447807312,0.8500000238418579,0.5653408765792847,0.7081632614135742,0.16121602058410645,0.24244287610054016,0.18947714567184448,0.35263869166374207,0.03901584446430206,0.16620703041553497,0.800000011920929,0.43478262424468994,0.7766990065574646,0.6831300258636475,0.14652356505393982,0.4283597469329834,1.0,0.3125,0.8163265585899353,0.699999988079071,0.8181818127632141,0.6000000238418579,0.625,0.46296295523643494,0.6666666865348816,0.5,0.5397727489471436,0.7102040648460388,0.23260216414928436,0.2916661500930786,0.2142963856458664,0.6753413081169128,0.3265552818775177,0.3618984818458557,0.0,0.21621622145175934,0.6111111044883728,0.0,0.1348399817943573,0.4648088216781616,0.0,0.125,0.44897958636283875,1.0,0.9545454382896423,0.9714285731315613,0.10508017241954803,0.28036952018737793,0.3643604815006256,0.0,0.09259258955717087,0.2738095223903656,0.375,0.5925925970077515,0.5833333134651184,0.4774489402770996,0.48653683066368103,0.5659862160682678,0.5625,0.25925925374031067,0.6428571343421936,0.375,0.5925925970077515,0.5833333134651184,0.13910269737243652,0.4507100284099579,1.312690258026123,1.9025030136108398,0.529411792755127,0.5522388219833374,0.5413534045219421,0.4928571581840515,0.569369375705719,0.547214686870575,0.26856866478919983,0.24506452679634094,0.28679001331329346,0.1873088926076889,0.07084901630878448,0.17715051770210266,0.6363636255264282,0.5000000596046448,0.5960264801979065,0.5549905300140381,0.18553616106510162,0.1756473034620285,0.19380709528923035,-0.015430334955453873,0.14530111849308014,0.09919344633817673,0.699999988079071,0.4054054021835327,0.703125,0.2857142984867096,0.7333333492279053,0.3913043439388275,0.06893862783908844,0.2700328826904297,0.7663334012031555,0.4117647111415863,0.447761207818985,0.4135338366031647,0.5,0.5,0.40307971835136414,0.5587592720985413,0.3723951280117035,0.32180607318878174,0.37794333696365356,0.22103263437747955,0.2970561385154724,0.0,0.0,0.1702127754688263,0.0,0.0,-0.23172879219055176,0.0,0.0,0.125,1.0,1.0,0.6811594367027283,0.03382138907909393,0.22672855854034424,0.37988096475601196,0.0,0.0,0.2255639135837555,0.5882353186607361,0.5522388219833374,0.48120301961898804,0.0,0.0,0.0,0.029567627236247063,0.0,0.0,0.0,2.6957268714904785,0.528671383857727,0.4813897907733917,0.5677880644798279,0.18639346957206726,0.9631704688072205,1.4142537117004395,2.5638175010681152,0.028125975281000137,0.210688054561615,0.43911781907081604,0.6779318451881409,0.7058823704719543,0.34328359365463257,0.6541353464126587,0.029567627236247063,0.06893862783908844,0.2700328826904297,0.7663334012031555,1.1053049564361572,0.5882353186607361,0.5522388219833374,0.48120301961898804,0.30794262886047363,0.5112730860710144
69,0.45438143610954285,0.13374219834804535,0.16541685163974762,0.15522238612174988,0.1676148921251297,0.40687689185142517,0.7984773516654968,0.0,0.0,0.0,0.029565559700131416,0.0,0.0,0.0,2.916170597076416,0.14903278648853302,1.0283578634262085,1.4624165296554565,2.6398072242736816,0.03449246287345886,0.3143042325973511,0.5394912958145142,0.8882880210876465,0.029565559700131416,0.75,0.5769230723381042,0.6746987700462341,0.6875,0.5773809552192688,0.6720930337905884,0.18594633042812347,0.23098373413085938,0.21002596616744995,0.17664439976215363,0.08288969844579697,0.1626027375459671,0.8235294222831726,0.5925926566123962,0.7032967209815979,0.40824824571609497,0.15430334210395813,0.3482593894004822,0.875,0.5714285969734192,0.7441860437393188,0.5,0.5833333134651184,0.6000000238418579,0.4166666567325592,0.6153846383094788,0.6626505851745605,0.5625,0.6428571343421936,0.673546552658081,0.4703490436077118,0.2540373206138611,0.22352179884910583,0.3299100697040558,0.36096835136413574,0.3241405487060547,0.2222222238779068,0.444444477558136,0.5333333611488342,0.21320070326328278,0.394771009683609,0.4297478199005127,0.125,0.2857142984867096,0.3720930218696594,1.0,1.0,0.9750000238418579,0.1692124605178833,0.2761020362377167,0.35047730803489685,0.0833333358168602,0.1538461595773697,0.20481927692890167,0.6666666865348816,0.5384615659713745,0.5180723071098328,0.5733556151390076,0.517441987991333,0.5378472208976746,0.75,0.5,0.5783132314682007,0.6666666865348816,0.5384615659713745,0.5180723071098328,0.1676148921251297,0.40687689185142517,0.7984773516654968,1.372969150543213,0.529411792755127,0.5522388219833374,0.5338345766067505,0.4928571581840515,0.5536035895347595,0.536005437374115,0.26670387387275696,0.2442457526922226,0.29078689217567444,0.1413331925868988,0.05760831758379936,0.19765649735927582,0.6363636255264282,0.5714285373687744,0.5507246255874634,0.5547850728034973,0.1839505136013031,0.17362485826015472,0.1972097009420395,-0.015430334955453873,0.10663235932588577,0.07242203503847122,0.699999988079071,0.5405405163764954,0.59375,0.2857142984867096,0.5666666626930237,0.47826087474823,0.07116177678108215,0.26711025834083557,0.7970374226570129,0.4117647111415863,0.447761207818985,0.39849624037742615,0.5,0.5,0.38745471835136414,0.5564292073249817,0.3657245934009552,0.33477604389190674,0.37760302424430847,0.20538805425167084,0.29886460304260254,0.0,0.0,0.1304347664117813,0.0,0.0,-0.27586600184440613,0.0,0.0,0.09375,1.0,1.0,0.6811594367027283,0.034161679446697235,0.24237313866615295,0.36973708868026733,0.0,0.0,0.21052631735801697,0.5882353186607361,0.5522388219833374,0.48120301961898804,0.0,0.0,0.0,0.029564913362264633,0.0,0.0,0.0,2.7483456134796143,0.533227264881134,0.49463045597076416,0.5557901263237,0.1894632875919342,0.9762309193611145,1.4403716325759888,2.6060657501220703,0.027987292036414146,0.21678689122200012,0.459387868642807,0.704162061214447,0.7058823704719543,0.49253731966018677,0.5563910007476807,0.029564913362264633,0.07116177678108215,0.26711025834083557,0.7970374226570129,1.1353094577789307,0.5882353186607361,0.5522388219833374,0.48120301961898804,0.2939832806587219,0.5477575063705444
70,0.46774405241012573,0.16239401698112488,0.1679414063692093,0.13740862905979156,0.09558785706758499,0.369682252407074,0.7422899603843689,0.0,0.0,0.0,0.02956303022801876,0.0,0.0,0.0,2.4496312141418457,0.2235938459634781,0.8482595682144165,1.2669278383255005,2.3387813568115234,0.03624073788523674,0.18955078721046448,0.35124990344047546,0.5770414471626282,0.02956303022801876,0.8181818127632141,0.6346153616905212,0.7179487347602844,0.8888888955116272,0.6944444179534912,0.7083333134651184,0.20881761610507965,0.23551107943058014,0.17891161143779755,0.34065765142440796,0.16257567703723907,0.23743848502635956,0.875,0.641509473323822,0.760869562625885,0.6236095428466797,0.38420894742012024,0.4330126643180847,0.7777777910232544,0.5,0.8333333134651184,1.0,0.8888888955116272,0.5833333134651184,0.1818181872367859,0.4423076808452606,0.6794871687889099,0.5,0.5735294222831726,0.7023809552192688,0.5513483285903931,0.30978602170944214,0.19507554173469543,0.33043229579925537,0.39221614599227905,0.4005637764930725,0.0,0.25641027092933655,0.5762711763381958,0.0,0.2373191863298416,0.48874929547309875,0.0,0.14705882966518402,0.4047619104385376,1.0,1.0,1.0,0.1582895666360855,0.26463958621025085,0.3494439721107483,0.0,0.09615384787321091,0.21794871985912323,0.8181818127632141,0.6538461446762085,0.5384615659713745,0.5139868855476379,0.49283501505851746,0.5468425154685974,0.6363636255264282,0.36538460850715637,0.6410256624221802,0.8181818127632141,0.6538461446762085,0.5384615659713745,0.09558785706758499,0.369682252407074,0.7422899603843689,1.2075600624084473,0.47058823704719543,0.5671641826629639,0.5413534045219421,0.4214285612106323,0.5765765905380249,0.545516312122345,0.2628245949745178,0.24428442120552063,0.289143830537796,0.20784826576709747,0.07923649251461029,0.20433904230594635,0.6086956858634949,0.5538461208343506,0.5793103575706482,0.5499961376190186,0.17993046343326569,0.17457349598407745,0.19549214839935303,-0.18232321739196777,0.1544102430343628,0.09321103990077972,0.699999988079071,0.4864864945411682,0.65625,0.1428571492433548,0.6666666865348816,0.43478259444236755,0.06754065304994583,0.26733458042144775,0.7899097800254822,0.4117647111415863,0.447761207818985,0.43609023094177246,0.5,0.5,0.42651721835136414,0.5558379888534546,0.36551207304000854,0.3289748430252075,0.3757486641407013,0.20847126841545105,0.29700231552124023,0.0,0.0,0.22680410742759705,0.0,0.0,-0.17000949382781982,0.0,0.0,0.171875,1.0,1.0,0.6811594367027283,0.03601605445146561,0.23928995430469513,0.3791749179363251,0.0,0.0,0.24812030792236328,0.5882353186607361,0.5522388219833374,0.48120301961898804,0.0,0.0,0.0,0.029562413692474365,0.0,0.0,0.0,2.7194201946258545,0.5453009009361267,0.4879276752471924,0.564642071723938,0.19028116762638092,0.9670028686523438,1.4279791116714478,2.585263252258301,0.02822882868349552,0.2124401032924652,0.44729936122894287,0.6879683136940002,0.7647058963775635,0.41791045665740967,0.6090225577354431,0.029562413692474365,0.06754065304994583,0.26733458042144775,0.7899097800254822,1.1247849464416504,0.5882353186607361,0.5522388219833374,0.48120301961898804,0.3025510013103485,0.3753344714641571
71,0.45157986879348755,0.13906431198120117,0.17716391384601593,0.13535165786743164,0.09229978173971176,0.26732614636421204,0.6808570623397827,0.0,0.0,0.0,0.029560424387454987,0.0,0.0,0.0,2.5635735988616943,0.21127085387706757,0.9986771941184998,1.3045566082000732,2.5145046710968018,0.0350893959403038,0.27922675013542175,0.37431609630584717,0.6886322498321533,0.029560424387454987,0.8235294222831726,0.4833333194255829,0.7945205569267273,0.8263888955116272,0.5208333134651184,0.780278205871582,0.1788664162158966,0.24879544973373413,0.18326421082019806,0.33035480976104736,0.041683658957481384,0.2419513612985611,0.8235294222831726,0.4363636374473572,0.8387097120285034,0.6527777910232544,0.04388104006648064,0.5560247898101807,0.7777777910232544,0.3333333432674408,0.8297872543334961,0.875,0.7083333134651184,0.7307692170143127,0.47058823704719543,0.44999998807907104,0.5205479264259338,0.5,0.5416666865348816,0.6104746460914612,0.4467827379703522,0.33586636185646057,0.25017839670181274,0.46034857630729675,0.28484854102134705,0.3230259418487549,0.0,0.1538461595773697,0.4444444477558136,0.0,0.1873171627521515,0.2557589113712311,0.0,0.0833333358168602,0.2978723347187042,1.0,1.0,0.9230769276618958,0.06088446080684662,0.2391248494386673,0.3559093177318573,0.0,0.05000000074505806,0.21917808055877686,0.529411792755127,0.6000000238418579,0.6438356041908264,0.49317461252212524,0.48760223388671875,0.564093291759491,0.47058823704719543,0.3166666626930237,0.6301369667053223,0.529411792755127,0.6000000238418579,0.6438356041908264,0.09229978173971176,0.26732614636421204,0.6808570623397827,1.040482997894287,0.47058823704719543,0.5671641826629639,0.5413534045219421,0.4214285612106323,0.5797297358512878,0.5483469367027283,0.2616731524467468,0.24513591825962067,0.2869970202445984,0.34121081233024597,0.08475401997566223,0.16094356775283813,0.6086956858634949,0.5396825075149536,0.6064516305923462,0.5463188886642456,0.17712730169296265,0.17586205899715424,0.19332952797412872,-0.18232321739196777,0.16271710395812988,0.10393647849559784,0.699999988079071,0.45945945382118225,0.734375,0.1428571492433548,0.699999988079071,0.36231884360313416,0.06897589564323425,0.269998699426651,0.7827242612838745,0.4117647111415863,0.447761207818985,0.43609023094177246,0.5,0.5,0.42764946818351746,0.560049295425415,0.3653384745121002,0.31695669889450073,0.3792029023170471,0.21118144690990448,0.3108168840408325,0.0,0.0,0.2574257254600525,0.0,0.0,-0.16134288907051086,0.0,0.0,0.203125,1.0,1.0,0.6521739363670349,0.032561808824539185,0.2365797460079193,0.3975374698638916,0.0,0.0,0.27819550037384033,0.5882353186607361,0.5522388219833374,0.48120301961898804,0.0,0.0,0.0,0.029559748247265816,0.0,0.0,0.0,2.7055625915527344,0.5605968832969666,0.48241013288497925,0.5822537541389465,0.19409725069999695,0.9639196395874023,1.421423316001892,2.579440116882324,0.02843146026134491,0.21006649732589722,0.43815988302230835,0.6766578555107117,0.7647058963775635,0.38805970549583435,0.6842105388641357,0.029559748247265816,0.06897589564323425,0.269998699426651,0.7827242612838745,1.1216988563537598,0.5882353186607361,0.5522388219833374,0.48120301961898804,0.30615347623825073,0.48843932151794434
72,0.5061513781547546,0.18260610103607178,0.16875684261322021,0.15478843450546265,0.08721117675304413,0.3414757251739502,0.9906283617019653,0.0,0.0,0.0,0.0295576024800539,0.0,0.0,0.0,2.9526641368865967,0.2304249256849289,0.9838791489601135,1.4376747608184814,2.6519789695739746,0.04162770137190819,0.28459399938583374,0.5416215658187866,0.8678432703018188,0.0295576024800539,0.5833333134651184,0.6666666865348816,0.6842105388641357,0.5625,0.6479663252830505,0.6822299957275391,0.24446088075637817,0.2283935248851776,0.21036887168884277,0.35406970977783203,0.18057897686958313,0.15714684128761292,0.444444477558136,0.5714285373687744,0.707317054271698,0.11952285468578339,0.30642688274383545,0.36445993185043335,0.5,0.52173912525177,0.707317054271698,0.625,0.774193525314331,0.6571428775787354,0.6666666865348816,0.6296296119689941,0.5789473652839661,0.5,0.5708274841308594,0.6034843325614929,0.2615910470485687,0.2520483732223511,0.25841066241264343,0.6292147636413574,0.4230797290802002,0.37270981073379517,0.0,0.2857142984867096,0.4285714030265808,0.0,0.24165378510951996,0.25919100642204285,0.0,0.17391304671764374,0.2926829159259796,1.0,0.9677419066429138,0.9142857193946838,0.10679507255554199,0.2224310040473938,0.3223268985748291,0.0,0.09259258955717087,0.19736842811107635,0.3333333432674408,0.42592594027519226,0.5394737124443054,0.49938514828681946,0.4984516203403473,0.5349874496459961,0.4166666567325592,0.35185185074806213,0.5394737124443054,0.3333333432674408,0.42592594027519226,0.5394737124443054,0.08721117675304413,0.3414757251739502,0.9906283617019653,1.4193153381347656,0.47058823704719543,0.5970149040222168,0.548872172832489,0.4214285612106323,0.6036036014556885,0.5538949370384216,0.2647116184234619,0.24412576854228973,0.28610190749168396,0.29337403178215027,0.10424645990133286,0.1749195158481598,0.6086956858634949,0.5970149040222168,0.5945945978164673,0.5473717451095581,0.17965830862522125,0.17404377460479736,0.19366967678070068,-0.18232321739196777,0.20720721781253815,0.11164897680282593,0.699999988079071,0.5405405163764954,0.6875,0.1428571492433548,0.6666666865348816,0.4202898442745209,0.06763414293527603,0.2702748775482178,0.8035820126533508,0.4117647111415863,0.447761207818985,0.42105263471603394,0.5,0.5,0.41089221835136414,0.5557952523231506,0.3594208061695099,0.3237561285495758,0.37560802698135376,0.2114172726869583,0.2921733558177948,0.0,0.0,0.18947367370128632,0.0,0.0,-0.21061013638973236,0.0,0.0,0.140625,1.0,1.0,0.6811594367027283,0.03615669533610344,0.24797417223453522,0.3782048225402832,0.0,0.0,0.23308271169662476,0.5882353186607361,0.5522388219833374,0.48120301961898804,0.0,0.0,0.0,0.02955690026283264,0.0,0.0,0.0,2.714022397994995,0.5543533563613892,0.49276846647262573,0.5699571967124939,0.19377467036247253,0.9711151123046875,1.4166415929794312,2.581531524658203,0.028437135741114616,0.2148796170949936,0.43588680028915405,0.6792035698890686,0.7647058963775635,0.447761207818985,0.6315789222717285,0.02955690026283264,0.06763414293527603,0.2702748775482178,0.8035820126533508,1.1414910554885864,0.5882353186607361,0.5522388219833374,0.48120301961898804,0.29896068572998047,0.4609457552433014
73,0.4332444667816162,0.12339870631694794,0.16989238560199738,0.1399533748626709,0.1625753790140152,0.7134838700294495,1.0390584468841553,0.0,0.0,0.0,0.02955475077033043,0.0,0.0,0.0,3.0507941246032715,0.16616041958332062,0.9386603236198425,1.5167557001113892,2.6215763092041016,0.04720772057771683,0.29696983098983765,0.5481932163238525,0.8923707604408264,0.02955475077033043,0.800000011920929,0.5370370149612427,0.8202247023582458,0.875,0.5625,0.8185034990310669,0.1710408478975296,0.2350969910621643,0.18132120370864868,0.3085494935512543,0.06943540275096893,0.2871953547000885,0.8571428656578064,0.444444477558136,0.8333333730697632,0.6123723983764648,0.1386750489473343,0.6415641903877258,0.75,0.3333333432674408,0.8695651888847351,1.0,0.7916666865348816,0.7674418687820435,0.4000000059604645,0.5370370149612427,0.584269642829895,0.625,0.5833333134651184,0.5963094234466553,0.40898221731185913,0.3013446629047394,0.2130342721939087,0.41260382533073425,0.33799031376838684,0.45798856019973755,0.4000000059604645,0.2857142984867096,0.37288138270378113,0.25,0.2857142984867096,0.27254194021224976,0.25,0.1666666716337204,0.239130437374115,1.0,1.0,0.9534883499145508,0.253856897354126,0.234566792845726,0.3181932270526886,0.20000000298023224,0.09259258955717087,0.14606741070747375,0.800000011920929,0.5555555820465088,0.516853928565979,0.5728458166122437,0.5042001008987427,0.5330293774604797,0.6000000238418579,0.2777777910232544,0.5617977380752563,0.800000011920929,0.5555555820465088,0.516853928565979,0.1625753790140152,0.7134838700294495,1.0390584468841553,1.9151177406311035,0.529411792755127,0.5671641826629639,0.548872172832489,0.4928571581840515,0.5828828811645508,0.5538949370384216,0.2669866681098938,0.24662205576896667,0.28502556681632996,0.07762333750724792,0.08242399245500565,0.1803850531578064,0.6363636255264282,0.5245901346206665,0.5945945978164673,0.5536038875579834,0.18397825956344604,0.17650799453258514,0.19311761856079102,-0.015430334955453873,0.17191608250141144,0.11164897680282593,0.699999988079071,0.4324324429035187,0.6875,0.2857142984867096,0.7333333492279053,0.4202898442745209,0.07034403085708618,0.274718314409256,0.8021976947784424,0.4117647111415863,0.447761207818985,0.4135338366031647,0.5,0.5,0.40307971835136414,0.5620315670967102,0.3753854036331177,0.3232813775539398,0.38177764415740967,0.2204054296016693,0.3060230016708374,0.0,0.0,0.1702127754688263,0.0,0.0,-0.23172879219055176,0.0,0.0,0.125,1.0,1.0,0.6811594367027283,0.029987089335918427,0.22735579311847687,0.3665925860404968,0.0,0.0,0.2255639135837555,0.5882353186607361,0.5522388219833374,0.48120301961898804,0.0,0.0,0.0,0.029554085806012154,0.0,0.0,0.0,2.7017509937286377,0.5273368954658508,0.4847402572631836,0.567841112613678,0.19705916941165924,0.9694510102272034,1.3983265161514282,2.5648367404937744,0.028504779562354088,0.21524333953857422,0.42590466141700745,0.6696527600288391,0.7058823704719543,0.35820895433425903,0.6315789222717285,0.029554085806012154,0.07034403085708618,0.274718314409256,0.8021976947784424,1.147260069847107,0.5882353186607361,0.5522388219833374,0.48120301961898804,0.2911964952945709,0.6095024347305298
74,0.44654381275177,0.14612047374248505,0.16550567746162415,0.13491766154766083,0.07934549450874329,0.4069218933582306,1.5691475868225098,0.0,0.0,0.0,0.029552215710282326,0.0,0.0,0.0,3.2132511138916016,0.208766371011734,1.046905517578125,1.4595433473587036,2.7152152061462402,0.04185852035880089,0.35415875911712646,0.5605202913284302,0.9565376043319702,0.029552215710282326,0.6875,0.5769230723381042,0.8072289228439331,0.6746032238006592,0.5773524641990662,0.794359564781189,0.20087462663650513,0.23687195777893066,0.1767420470714569,0.19101668894290924,0.10118626058101654,0.23195037245750427,0.736842155456543,0.6333333253860474,0.8399999737739563,0.3578300178050995,0.14910289645195007,0.6137508153915405,0.7777777910232544,0.5757575631141663,0.9130434989929199,0.5714285969734192,0.5789473652839661,0.6756756901741028,0.4375,0.4038461446762085,0.6385542154312134,0.5,0.5079745054244995,0.6606932878494263,0.4519178867340088,0.3407030403614044,0.20540104806423187,0.3612428903579712,0.2986750602722168,0.39079126715660095,0.0,0.20512822270393372,0.5833333134651184,0.0,0.024038739502429962,0.3444161117076874,0.0,0.12121212482452393,0.45652174949645996,1.0,0.8947368264198303,0.8648648858070374,0.14344236254692078,0.2686474025249481,0.4016973674297333,0.0,0.11538461595773697,0.3132530152797699,0.5625,0.6346153616905212,0.5542168617248535,0.5408593416213989,0.5157525539398193,0.5752785205841064,0.625,0.5192307829856873,0.650602400302887,0.5625,0.6346153616905212,0.5542168617248535,0.07934549450874329,0.4069218933582306,1.5691475868225098,2.055414915084839,0.529411792755127,0.5671641826629639,0.5413534045219421,0.4928571581840515,0.5765765905380249,0.5460824370384216,0.2676471769809723,0.24682685732841492,0.28763777017593384,0.07721202820539474,0.08180392533540726,0.1842913031578064,0.6363636255264282,0.5538461208343506,0.5850340127944946,0.5562312006950378,0.18475614488124847,0.17658686637878418,0.1948881894350052,-0.015430334955453873,0.1544102430343628,0.09507269412279129,0.699999988079071,0.4864864945411682,0.671875,0.2857142984867096,0.6666666865348816,0.4202898442745209,0.06887100636959076,0.2728130519390106,0.8261769413948059,0.4117647111415863,0.447761207818985,0.45864662528038025,0.5,0.5,0.44995471835136414,0.5593377351760864,0.3717077672481537,0.3249594271183014,0.37943553924560547,0.2139519900083542,0.31020790338516235,0.0,0.0,0.2800000011920929,0.0,0.0,-0.11255650222301483,0.0,0.0,0.21875,1.0,1.0,0.6811594367027283,0.03232920169830322,0.23459529876708984,0.3730548918247223,0.0,0.0,0.27067670226097107,0.5882353186607361,0.5522388219833374,0.48120301961898804,0.0,0.0,0.0,0.029551619663834572,0.0,0.0,0.0,2.733297824859619,0.5235115885734558,0.4853602647781372,0.5701727271080017,0.2006499022245407,0.9733228087425232,1.4121651649475098,2.5861377716064453,0.028788600116968155,0.21919994056224823,0.43776988983154297,0.6857584118843079,0.7058823704719543,0.41791045665740967,0.6240601539611816,0.029551619663834572,0.06887100636959076,0.2728130519390106,0.8261769413948059,1.167860984802246,0.5882353186607361,0.5522388219833374,0.48120301961898804,0.2831335663795471,0.6459416151046753
75,0.4834553897380829,0.17113636434078217,0.17431622743606567,0.13800278306007385,0.11539993435144424,0.4426189661026001,1.2512520551681519,0.0,0.0,0.0,0.029549870640039444,0.0,0.0,0.0,3.2397730350494385,0.3394392728805542,0.9648253321647644,1.5469216108322144,2.8511862754821777,0.05581839010119438,0.33438190817832947,0.5891568660736084,0.979357123374939,0.029549870640039444,0.5555555820465088,0.5555555820465088,0.800000011920929,0.5375000238418579,0.5848526954650879,0.7944444417953491,0.22240883111953735,0.24419881403446198,0.18163840472698212,0.23306524753570557,0.061344437301158905,0.24369780719280243,0.4285714328289032,0.4999999403953552,0.8314606547355652,0.07905694097280502,0.18068215250968933,0.585858941078186,0.375,0.3870967626571655,0.8222222328186035,0.699999988079071,0.782608687877655,0.7666666507720947,0.6111111044883728,0.46296295523643494,0.6399999856948853,0.5625,0.5210378766059875,0.6944444179534912,0.295150488615036,0.3115268647670746,0.23363299667835236,0.601276159286499,0.43392154574394226,0.3787190914154053,0.2222222238779068,0.21621620655059814,0.5846153497695923,0.27116304636001587,0.06620339304208755,0.43082019686698914,0.125,0.12903225421905518,0.42222222685813904,1.0,0.9130434989929199,0.9666666388511658,0.13412345945835114,0.2322104126214981,0.36259278655052185,0.0555555559694767,0.1111111119389534,0.2666666805744171,0.4444444477558136,0.5740740895271301,0.6000000238418579,0.46841323375701904,0.4942111372947693,0.557118833065033,0.3333333432674408,0.31481480598449707,0.5866666436195374,0.4444444477558136,0.5740740895271301,0.6000000238418579,0.11539993435144424,0.4426189661026001,1.2512520551681519,1.809270977973938,0.47058823704719543,0.5671641826629639,0.5338345766067505,0.4214285612106323,0.5765765905380249,0.5382699370384216,0.26790618896484375,0.24679292738437653,0.28997597098350525,0.11146076023578644,0.08165960758924484,0.17509205639362335,0.6086956858634949,0.5538461208343506,0.5753424763679504,0.557605504989624,0.18422618508338928,0.17661991715431213,0.19675937294960022,-0.18232321739196777,0.1544102430343628,0.07865206897258759,0.699999988079071,0.4864864945411682,0.65625,0.1428571492433548,0.6666666865348816,0.4202898442745209,0.07301751524209976,0.273438036441803,0.8569451570510864,0.4117647111415863,0.447761207818985,0.45864662528038025,0.5,0.5,0.4505208432674408,0.5615301728248596,0.3687325119972229,0.32664158940315247,0.3828688859939575,0.2084190994501114,0.3136284351348877,0.0,0.0,0.29411762952804565,0.0,0.0,-0.10944937914609909,0.0,0.0,0.234375,1.0,1.0,0.6666666865348816,0.02889581024646759,0.2393420785665512,0.37533220648765564,0.0,0.0,0.2857142984867096,0.5882353186607361,0.5522388219833374,0.48120301961898804,0.0,0.0,0.0,0.02954936772584915,0.0,0.0,0.0,2.7711009979248047,0.530555784702301,0.4855045974254608,0.5707911849021912,0.21045170724391937,0.9761123657226562,1.424548625946045,2.611112594604492,0.029149740934371948,0.22269676625728607,0.4486073851585388,0.7004538774490356,0.7647058963775635,0.41791045665740967,0.61654132604599,0.02954936772584915,0.07301751524209976,0.273438036441803,0.8569451570510864,1.203400731086731,0.5882353186607361,0.5522388219833374,0.48120301961898804,0.27687782049179077,0.6334468126296997
76,0.44321906566619873,0.15290342271327972,0.15828269720077515,0.13203294575214386,0.11517199128866196,0.42732003331184387,1.1992071866989136,0.0,0.0,0.0,0.029547840356826782,0.0,0.0,0.0,3.1577019691467285,0.2954478859901428,1.007116436958313,1.4464515447616577,2.7490158081054688,0.052340276539325714,0.3493058681488037,0.5856020450592041,0.9872481822967529,0.029547840356826782,0.5909090638160706,0.6851851940155029,0.8125,0.6238095760345459,0.6917613744735718,0.8042929172515869,0.21712444722652435,0.21864069998264313,0.170546293258667,0.2865997552871704,0.1784714013338089,0.2604449689388275,0.64000004529953,0.7118644118309021,0.8387096524238586,0.23162642121315002,0.376889169216156,0.62147057056427,0.5333333611488342,0.65625,0.8863636255264282,0.7142857313156128,0.7272727489471436,0.7222222089767456,0.3181818127632141,0.5370370149612427,0.699999988079071,0.5,0.6022727489471436,0.7272727489471436,0.503692090511322,0.28631913661956787,0.18372415006160736,0.32589399814605713,0.3884655237197876,0.41904598474502563,0.0,0.39024391770362854,0.625,0.0,0.2696799337863922,0.5222329497337341,0.0,0.25,0.4545454680919647,1.0,0.9545454382896423,1.0,0.12659214437007904,0.2736208736896515,0.3551679253578186,0.0,0.1666666716337204,0.25,0.6818181872367859,0.5925925970077515,0.550000011920929,0.541288435459137,0.5067138075828552,0.5520550012588501,0.4545454680919647,0.5,0.612500011920929,0.6818181872367859,0.5925925970077515,0.550000011920929,0.11517199128866196,0.42732003331184387,1.1992071866989136,1.74169921875,0.47058823704719543,0.5671641826629639,0.5338345766067505,0.4214285612106323,0.5765765905380249,0.5405344367027283,0.2676863968372345,0.24630621075630188,0.29023680090904236,0.16406431794166565,0.08421184122562408,0.16510741412639618,0.6086956858634949,0.5538461208343506,0.5974026322364807,0.5553962588310242,0.18255186080932617,0.17679154872894287,0.19605284929275513,-0.18232321739196777,0.1544102430343628,0.08659902215003967,0.699999988079071,0.4864864945411682,0.71875,0.1428571492433548,0.6666666865348816,0.36231884360313416,0.07164596766233444,0.2792420983314514,0.8717489838600159,0.4117647111415863,0.447761207818985,0.451127827167511,0.5,0.5,0.4438405930995941,0.5574793815612793,0.3671361804008484,0.31688788533210754,0.37953221797943115,0.21018067002296448,0.29988378286361694,0.0,0.0,0.3047618865966797,0.0,0.0,-0.12152940034866333,0.0,0.0,0.25,1.0,1.0,0.6376811861991882,0.03223251551389694,0.23758052289485931,0.4057702124118805,0.0,0.0,0.308270663022995,0.5882353186607361,0.5522388219833374,0.48120301961898804,0.0,0.0,0.0,0.029547374695539474,0.0,0.0,0.0,2.7932095527648926,0.5457213521003723,0.482952356338501,0.5847466588020325,0.21868248283863068,0.9802427291870117,1.440590739250183,2.6395158767700195,0.02949361316859722,0.22229814529418945,0.453737735748291,0.7055294513702393,0.7647058963775635,0.41791045665740967,0.6766917109489441,0.029547374695539474,0.07164596766233444,0.2792420983314514,0.8717489838600159,1.2226370573043823,0.5882353186607361,0.5522388219833374,0.48120301961898804,0.2680451273918152,0.6471182107925415
77,0.46605002880096436,0.15526847541332245,0.17433075606822968,0.13645081222057343,0.09305217117071152,0.40005993843078613,1.4510606527328491,0.0,0.0,0.0,0.029545890167355537,0.0,0.0,0.0,3.0318233966827393,0.2065260410308838,0.9746052026748657,1.3443748950958252,2.525506019592285,0.05058866739273071,0.3468969166278839,0.46819576621055603,0.8656813502311707,0.029545890167355537,0.5833333134651184,0.6000000238418579,0.7349397540092468,0.5833333134651184,0.5998677015304565,0.7319240570068359,0.22286474704742432,0.24837778508663177,0.1838364452123642,0.2686600685119629,0.12393923848867416,0.17960961163043976,0.6666667461395264,0.6071428656578064,0.7755102515220642,0.19245007634162903,0.19973544776439667,0.45554953813552856,0.8333333134651184,0.6071428656578064,0.7450980544090271,0.3333333432674408,0.5925925970077515,0.71875,0.6666666865348816,0.5090909004211426,0.6024096608161926,0.6666666865348816,0.5152116417884827,0.670649528503418,0.2575604021549225,0.3014270067214966,0.2273874133825302,0.5033513307571411,0.32974928617477417,0.326543390750885,0.5,0.2702702581882477,0.5352112650871277,0.4472135603427887,0.04111182689666748,0.38842740654945374,0.3333333432674408,0.1785714328289032,0.37254902720451355,1.0,0.8518518805503845,0.96875,0.23823320865631104,0.27503737807273865,0.3683280348777771,0.1666666716337204,0.16363635659217834,0.2409638613462448,0.5,0.5090909004211426,0.6144578456878662,0.5937495231628418,0.531154990196228,0.5553301572799683,0.75,0.5090909004211426,0.5662650465965271,0.5,0.5090909004211426,0.6144578456878662,0.09305217117071152,0.40005993843078613,1.4510606527328491,1.944172739982605,0.47058823704719543,0.5671641826629639,0.5413534045219421,0.4214285612106323,0.5765765905380249,0.547214686870575,0.2674601972103119,0.24581286311149597,0.28956758975982666,0.22055019438266754,0.08394099771976471,0.18409056961536407,0.6086956858634949,0.5538461208343506,0.5960264801979065,0.5553312301635742,0.1821288764476776,0.1766054481267929,0.19659695029258728,-0.18232321739196777,0.1544102430343628,0.09919344633817673,0.699999988079071,0.4864864945411682,0.703125,0.1428571492433548,0.6666666865348816,0.3913043439388275,0.07056815177202225,0.2870294749736786,0.8944148421287537,0.4117647111415863,0.447761207818985,0.451127827167511,0.5,0.5,0.4438405930995941,0.5537265539169312,0.37169304490089417,0.32122403383255005,0.37643811106681824,0.21599091589450836,0.3176198899745941,0.0,0.0,0.3047618865966797,0.0,0.0,-0.12152940034866333,0.0,0.0,0.25,1.0,1.0,0.6376811861991882,0.03532660752534866,0.23177030682563782,0.39365994930267334,0.0,0.0,0.308270663022995,0.5882353186607361,0.5522388219833374,0.48120301961898804,0.0,0.0,0.0,0.029545405879616737,0.0,0.0,0.0,2.796185255050659,0.551327109336853,0.48322319984436035,0.5736953616142273,0.21601414680480957,0.9856753945350647,1.4369179010391235,2.6386075019836426,0.029540393501520157,0.22409287095069885,0.4470941126346588,0.7007273435592651,0.7647058963775635,0.41791045665740967,0.6541353464126587,0.029545405879616737,0.07056815177202225,0.2870294749736786,0.8944148421287537,1.2520124912261963,0.5882353186607361,0.5522388219833374,0.48120301961898804,0.26045382022857666,0.6490485668182373
78,0.47516387701034546,0.15823443233966827,0.16845448315143585,0.14847494661808014,0.09547337144613266,0.3399718105792999,0.7735708951950073,0.0,0.0,0.0,0.029543912038207054,0.0,0.0,0.0,2.5208072662353516,0.21278704702854156,0.918438732624054,1.2785767316818237,2.4098024368286133,0.037033937871456146,0.22536760568618774,0.35862359404563904,0.6210251450538635,0.029543912038207054,0.7692307829856873,0.6491228342056274,0.6756756901741028,0.8125,0.6483989953994751,0.6761695742607117,0.21342240273952484,0.2306848168373108,0.1943773627281189,0.3016294836997986,0.1526535153388977,0.2482607066631317,0.7692307829856873,0.6296296715736389,0.6756756901741028,0.625,0.2979006767272949,0.3523391783237457,0.625,0.6071428656578064,0.6944444179534912,1.0,0.6896551847457886,0.6578947305679321,0.38461539149284363,0.5614035129547119,0.6891891956329346,0.5,0.5535714030265808,0.6805555820465088,0.5489280819892883,0.2840684652328491,0.20579808950424194,0.34704354405403137,0.45577576756477356,0.4565194845199585,0.0,0.19354839622974396,0.5306122303009033,0.0,0.23987430334091187,0.47429367899894714,0.0,0.1071428582072258,0.3611111044883728,1.0,1.0,1.0,0.07008720934391022,0.1934083253145218,0.29270657896995544,0.0,0.05263157933950424,0.1756756752729416,0.6153846383094788,0.4912280738353729,0.4864864945411682,0.46760132908821106,0.49646925926208496,0.5203086137771606,0.38461539149284363,0.45614033937454224,0.5135135054588318,0.6153846383094788,0.4912280738353729,0.4864864945411682,0.09547337144613266,0.3399718105792999,0.7735708951950073,1.2090160846710205,0.529411792755127,0.5671641826629639,0.5112782120704651,0.4928571581840515,0.5797297358512878,0.514266312122345,0.2677645981311798,0.24619030952453613,0.28792694211006165,0.10183446109294891,0.08369902521371841,0.19882190227508545,0.6363636255264282,0.5396825075149536,0.5390071272850037,0.55953049659729,0.18591400980949402,0.1767493337392807,0.19686713814735413,-0.015430334955453873,0.16271710395812988,0.02887464314699173,0.699999988079071,0.45945945382118225,0.59375,0.2857142984867096,0.699999988079071,0.43478259444236755,0.07548153400421143,0.292207270860672,0.904230535030365,0.4117647111415863,0.447761207818985,0.42105263471603394,0.5,0.5,0.41089221835136414,0.5618999004364014,0.38651683926582336,0.3341965079307556,0.3841405510902405,0.25291764736175537,0.33205777406692505,0.0,0.0,0.18947367370128632,0.0,0.0,-0.21061013638973236,0.0,0.0,0.140625,1.0,1.0,0.6811594367027283,0.02762414515018463,0.2115795612335205,0.351449191570282,0.0,0.0,0.23308271169662476,0.5882353186607361,0.5522388219833374,0.48120301961898804,0.0,0.0,0.0,0.029543384909629822,0.0,0.0,0.0,2.77323579788208,0.5243752002716064,0.48346516489982605,0.5536781549453735,0.21644601225852966,0.9858357310295105,1.4148329496383667,2.617114543914795,0.029350319877266884,0.2205212563276291,0.42960143089294434,0.6794730424880981,0.7058823704719543,0.38805970549583435,0.5789473652839661,0.029543384909629822,0.07548153400421143,0.292207270860672,0.904230535030365,1.2719193696975708,0.5882353186607361,0.5522388219833374,0.48120301961898804,0.26397988200187683,0.4227237403392792
79,0.4587257504463196,0.1643509566783905,0.16236406564712524,0.13201072812080383,0.10145463794469833,0.755557656288147,1.129052758216858,0.0,0.0,0.0,0.02954188734292984,0.0,0.0,0.0,3.32582688331604,0.2917862832546234,1.0120946168899536,1.5496399402618408,2.8535208702087402,0.041553910821676254,0.35220450162887573,0.6348056793212891,1.0285640954971313,0.02954188734292984,0.6666666865348816,0.6000000238418579,0.8148148059844971,0.6805555820465088,0.6427732110023499,0.8011363744735718,0.2236820012331009,0.22576169669628143,0.1723162680864334,0.3769912123680115,0.09702050685882568,0.25780224800109863,0.6666666269302368,0.5862069129943848,0.8484848737716675,0.3611111044883728,0.29107141494750977,0.612808883190155,0.7777777910232544,0.45945945382118225,0.875,0.5833333134651184,0.8260869383811951,0.7272727489471436,0.5714285969734192,0.5166666507720947,0.6913580298423767,0.5,0.5998824834823608,0.7348484992980957,0.2618325650691986,0.3153756558895111,0.19633953273296356,0.46918848156929016,0.3572201430797577,0.39724278450012207,0.0,0.38297873735427856,0.6575342416763306,0.0,0.2606148421764374,0.49961018562316895,0.0,0.2432432472705841,0.5,1.0,0.95652174949646,0.9696969985961914,0.16693012416362762,0.2600977122783661,0.38255900144577026,0.0,0.1666666716337204,0.3086419701576233,0.4285714328289032,0.6166666746139526,0.5925925970077515,0.5464466214179993,0.5065318942070007,0.5585812926292419,0.5714285969734192,0.3499999940395355,0.6296296119689941,0.4285714328289032,0.6166666746139526,0.5925925970077515,0.10145463794469833,0.755557656288147,1.129052758216858,1.9860650300979614,0.47058823704719543,0.5522388219833374,0.5263158082962036,0.4214285612106323,0.5599099397659302,0.529891312122345,0.26766085624694824,0.24661017954349518,0.28806212544441223,0.16225124895572662,0.06229688599705696,0.19432289898395538,0.6086956858634949,0.5454545617103577,0.559440553188324,0.5565509796142578,0.18414485454559326,0.17626981437206268,0.19613629579544067,-0.18232321739196777,0.12025395035743713,0.06082455813884735,0.699999988079071,0.4864864945411682,0.625,0.1428571492433548,0.6333333253860474,0.43478259444236755,0.0689583271741867,0.2933075726032257,0.9224792122840881,0.4117647111415863,0.447761207818985,0.4135338366031647,0.5,0.5,0.4047780930995941,0.5483807325363159,0.37581416964530945,0.32645082473754883,0.36816683411598206,0.2476133406162262,0.3351888060569763,0.0,0.0,0.2199999988079071,0.0,0.0,-0.2141629457473755,0.0,0.0,0.171875,1.0,1.0,0.6376811861991882,0.043597880750894547,0.22611604630947113,0.3754784166812897,0.0,0.0,0.27067670226097107,0.5882353186607361,0.5522388219833374,0.48120301961898804,0.0,0.0,0.0,0.02954142540693283,0.0,0.0,0.0,2.795363664627075,0.5355283617973328,0.48994189500808716,0.5662786364555359,0.22099041938781738,0.9923329949378967,1.4262241125106812,2.639547348022461,0.029694784432649612,0.22264939546585083,0.4368673861026764,0.6892116069793701,0.7647058963775635,0.43283581733703613,0.5939849615097046,0.02954142540693283,0.0689583271741867,0.2933075726032257,0.9224792122840881,1.2847450971603394,0.5882353186607361,0.5522388219833374,0.48120301961898804,0.2559802234172821,0.6964040994644165
